0 ; 3
1 ; 5
2 ; 0
3 ; 0
4 ; 0
5 ; 0
6 ; 0
7 ; 1
8 ; 3
9 ; 1
10 ; 0
11 ; 1
12 ; 1
13 ; 0
14 ; 149
15 ; 0
16 ; 0
17 ; 1
18 ; 2
19 ; 0
20 ; 2
21 ; 2
22 ; 0
23 ; 2
24 ; 1
25 ; 2
26 ; 0
27 ; 1
28 ; 3
29 ; 122
30 ; 3
31 ; 0
32 ; 1
33 ; 1
34 ; 1
35 ; 0
36 ; 5
37 ; 0
38 ; 0
39 ; 2
40 ; 39
41 ; 0
42 ; 0
43 ; 1
44 ; 7
45 ; 11
46 ; 0
47 ; 1
48 ; 0
49 ; 2
50 ; 1
51 ; 0
52 ; 4
53 ; 0
54 ; 5
55 ; 18
56 ; 0
57 ; 0
58 ; 10
59 ; 13
60 ; 1
61 ; 1
62 ; 1
63 ; 0
64 ; 0
65 ; 0
66 ; 3
67 ; 0
68 ; 0
69 ; 2
70 ; 0
71 ; 0
72 ; 2
73 ; 0
74 ; 2
75 ; 0
76 ; 0
77 ; 0
78 ; 1
79 ; 1
80 ; 6
81 ; 0
82 ; 2
83 ; 0
84 ; 0
85 ; 1
86 ; 1
87 ; 1
88 ; 1
89 ; 0
90 ; 2
91 ; 0
92 ; 0
93 ; 2
94 ; 1
95 ; 0
96 ; 2
97 ; 0
98 ; 0
99 ; 0
100 ; 4
101 ; 0
102 ; 0
103 ; 1
104 ; 2
105 ; 0
106 ; 0
107 ; 2
108 ; 2
109 ; 0
110 ; 1
111 ; 1
112 ; 6
113 ; 0
114 ; 1
115 ; 4
116 ; 0
117 ; 0
118 ; 1
119 ; 1
120 ; 0
121 ; 2
122 ; 1
123 ; 2
124 ; 0
125 ; 42
126 ; 0
127 ; 1
128 ; 0
129 ; 2
130 ; 0
131 ; 2
132 ; 1
133 ; 15
134 ; 0
135 ; 21
136 ; 4
137 ; 1
138 ; 1
139 ; 3
140 ; 3
141 ; 0
142 ; 4
143 ; 75
144 ; 2
145 ; 7
146 ; 0
147 ; 2
148 ; 2
149 ; 0
150 ; 0
151 ; 1
152 ; 1
153 ; 1
154 ; 25
155 ; 0
156 ; 0
157 ; 0
158 ; 2
159 ; 0
160 ; 2
161 ; 0
162 ; 4
163 ; 10
164 ; 0
165 ; 0
166 ; 0
167 ; 3
168 ; 2
169 ; 0
170 ; 1
171 ; 0
172 ; 1
173 ; 1
174 ; 0
175 ; 0
176 ; 0
177 ; 1
178 ; 1
179 ; 1
180 ; 4
181 ; 0
182 ; 1
183 ; 0
184 ; 0
185 ; 3
186 ; 26
187 ; 1
188 ; 0
189 ; 0
190 ; 3
191 ; 0
192 ; 4
193 ; 0
194 ; 0
195 ; 0
196 ; 0
197 ; 0
198 ; 1
199 ; 0
200 ; 3
201 ; 0
202 ; 2
203 ; 0
204 ; 1
205 ; 2
206 ; 0
207 ; 0
208 ; 0
209 ; 2
210 ; 1
211 ; 0
212 ; 0
213 ; 0
214 ; 0
215 ; 7
216 ; 1
217 ; 0
218 ; 0
219 ; 2
220 ; 2
221 ; 3
222 ; 2
223 ; 6
224 ; 2
225 ; 0
226 ; 0
227 ; 12
228 ; 0
229 ; 0
230 ; 0
231 ; 1
232 ; 7
233 ; 8
234 ; 1
235 ; 3
236 ; 4
237 ; 4
238 ; 4
239 ; 0
240 ; 0
241 ; 2
242 ; 0
243 ; 2
244 ; 1
245 ; 1
246 ; 0
247 ; 1
248 ; 0
249 ; 3
250 ; 4
251 ; 0
252 ; 0
253 ; 1
254 ; 0
255 ; 0
256 ; 1
257 ; 0
258 ; 0
259 ; 4
260 ; 0
261 ; 2
262 ; 1
263 ; 6
264 ; 0
265 ; 2
266 ; 1
267 ; 0
268 ; 0
269 ; 0
270 ; 0
271 ; 1
272 ; 0
273 ; 3
274 ; 0
275 ; 0
276 ; 4
277 ; 3
278 ; 2
279 ; 1
280 ; 2
281 ; 1
282 ; 1
283 ; 2
284 ; 1
285 ; 0
286 ; 1
287 ; 4
288 ; 0
289 ; 0
290 ; 4
291 ; 0
292 ; 1
293 ; 0
294 ; 0
295 ; 0
296 ; 0
297 ; 0
298 ; 0
299 ; 0
300 ; 1
301 ; 1
302 ; 0
303 ; 0
304 ; 0
305 ; 1
306 ; 0
307 ; 0
308 ; 1
309 ; 2
310 ; 1
311 ; 0
312 ; 0
313 ; 0
314 ; 1
315 ; 3
316 ; 0
317 ; 0
318 ; 4
319 ; 1
320 ; 3
321 ; 0
322 ; 0
323 ; 0
324 ; 8
325 ; 1
326 ; 3
327 ; 0
328 ; 2
329 ; 4
330 ; 2
331 ; 0
332 ; 0
333 ; 2
334 ; 0
335 ; 8
336 ; 0
337 ; 2
338 ; 0
339 ; 2
340 ; 2
341 ; 0
342 ; 21
343 ; 2
344 ; 2
345 ; 0
346 ; 0
347 ; 1
348 ; 0
349 ; 0
350 ; 8
351 ; 1
352 ; 0
353 ; 1
354 ; 2
355 ; 1
356 ; 0
357 ; 1
358 ; 1
359 ; 0
360 ; 1
361 ; 1
362 ; 5
363 ; 2
364 ; 0
365 ; 1
366 ; 0
367 ; 10
368 ; 0
369 ; 0
370 ; 0
371 ; 1
372 ; 1
373 ; 2
374 ; 0
375 ; 2
376 ; 0
377 ; 0
378 ; 4
379 ; 0
380 ; 6
381 ; 3
382 ; 2
383 ; 0
384 ; 0
385 ; 1
386 ; 1
387 ; 0
388 ; 17
389 ; 1
390 ; 3
391 ; 3
392 ; 1
393 ; 0
394 ; 3
395 ; 0
396 ; 0
397 ; 0
398 ; 0
399 ; 0
400 ; 2
401 ; 1
402 ; 5
403 ; 1
404 ; 0
405 ; 1
406 ; 2
407 ; 2
408 ; 0
409 ; 1
410 ; 4
411 ; 1
412 ; 0
413 ; 1
414 ; 0
415 ; 0
416 ; 0
417 ; 3
418 ; 1
419 ; 1
420 ; 1
421 ; 0
422 ; 1
423 ; 0
424 ; 2
425 ; 0
426 ; 1
427 ; 4
428 ; 1
429 ; 0
430 ; 0
431 ; 0
432 ; 0
433 ; 6
434 ; 4
435 ; 1
436 ; 1
437 ; 0
438 ; 0
439 ; 1
440 ; 0
441 ; 1
442 ; 2
443 ; 9
444 ; 1
445 ; 0
446 ; 2
447 ; 1
448 ; 9
449 ; 1
450 ; 1
451 ; 1
452 ; 1
453 ; 1
454 ; 6
455 ; 0
456 ; 32
457 ; 0
458 ; 0
459 ; 26
460 ; 9
461 ; 1
462 ; 5
463 ; 14
464 ; 2
465 ; 1
466 ; 1
467 ; 0
468 ; 0
469 ; 2
470 ; 1
471 ; 0
472 ; 1
473 ; 6
474 ; 0
475 ; 0
476 ; 1
477 ; 0
478 ; 0
479 ; 0
480 ; 9
481 ; 0
482 ; 9
483 ; 0
484 ; 1
485 ; 10
486 ; 0
487 ; 1
488 ; 29
489 ; 1
490 ; 1
491 ; 0
492 ; 0
493 ; 0
494 ; 5
495 ; 29
496 ; 0
497 ; 0
498 ; 1
499 ; 0
500 ; 6
501 ; 7
502 ; 1
503 ; 0
504 ; 10
505 ; 1
506 ; 0
507 ; 0
508 ; 0
509 ; 0
510 ; 1
511 ; 4
512 ; 0
513 ; 1
514 ; 0
515 ; 5
516 ; 3
517 ; 0
518 ; 0
519 ; 0
520 ; 1
521 ; 9
522 ; 1
523 ; 0
524 ; 0
525 ; 0
526 ; 0
527 ; 4
528 ; 10
529 ; 3
530 ; 0
531 ; 1
532 ; 0
533 ; 0
534 ; 0
535 ; 0
536 ; 9
537 ; 0
538 ; 0
539 ; 0
540 ; 0
541 ; 3
542 ; 0
543 ; 0
544 ; 0
545 ; 5
546 ; 0
547 ; 2
548 ; 2
549 ; 0
550 ; 0
551 ; 16
552 ; 0
553 ; 0
554 ; 0
555 ; 17
556 ; 2
557 ; 0
558 ; 0
559 ; 1
560 ; 0
561 ; 0
562 ; 8
563 ; 15
564 ; 2
565 ; 0
566 ; 1
567 ; 5
568 ; 2
569 ; 0
570 ; 4
571 ; 0
572 ; 2
573 ; 0
574 ; 1
575 ; 8
576 ; 8
577 ; 8
578 ; 0
579 ; 2
580 ; 1
581 ; 4
582 ; 0
583 ; 0
584 ; 0
585 ; 0
586 ; 0
587 ; 5
588 ; 2
589 ; 0
590 ; 0
591 ; 1
592 ; 4
593 ; 1
594 ; 2
595 ; 3
596 ; 0
597 ; 5
598 ; 0
599 ; 0
600 ; 1
601 ; 0
602 ; 0
603 ; 9
604 ; 0
605 ; 4
606 ; 0
607 ; 3
608 ; 3
609 ; 1
610 ; 0
611 ; 1
612 ; 0
613 ; 0
614 ; 0
615 ; 0
616 ; 0
617 ; 0
618 ; 0
619 ; 1
620 ; 2
621 ; 0
622 ; 1
623 ; 0
624 ; 0
625 ; 0
626 ; 1
627 ; 0
628 ; 0
629 ; 1
630 ; 0
631 ; 1
632 ; 0
633 ; 0
634 ; 0
635 ; 0
636 ; 7
637 ; 3
638 ; 2
639 ; 0
640 ; 0
641 ; 0
642 ; 1
643 ; 1
644 ; 1
645 ; 1
646 ; 0
647 ; 1
648 ; 0
649 ; 1
650 ; 0
651 ; 1
652 ; 0
653 ; 0
654 ; 2
655 ; 2
656 ; 0
657 ; 3
658 ; 1
659 ; 1
660 ; 0
661 ; 0
662 ; 1
663 ; 5
664 ; 0
665 ; 1
666 ; 0
667 ; 2
668 ; 2
669 ; 2
670 ; 1
671 ; 1
672 ; 5
673 ; 2
674 ; 2
675 ; 0
676 ; 1
677 ; 2
678 ; 0
679 ; 0
680 ; 0
681 ; 11
682 ; 1
683 ; 0
684 ; 2
685 ; 1
686 ; 1
687 ; 1
688 ; 17
689 ; 0
690 ; 4
691 ; 6
692 ; 0
693 ; 1
694 ; 10
695 ; 0
696 ; 1
697 ; 0
698 ; 0
699 ; 0
700 ; 0
701 ; 0
702 ; 0
703 ; 1
704 ; 0
705 ; 0
706 ; 3
707 ; 2
708 ; 1
709 ; 0
710 ; 1
711 ; 2
712 ; 0
713 ; 0
714 ; 0
715 ; 8
716 ; 0
717 ; 0
718 ; 1
719 ; 0
720 ; 1
721 ; 0
722 ; 0
723 ; 1
724 ; 1
725 ; 8
726 ; 0
727 ; 9
728 ; 0
729 ; 1
730 ; 0
731 ; 3
732 ; 0
733 ; 2
734 ; 0
735 ; 0
736 ; 0
737 ; 4
738 ; 0
739 ; 0
740 ; 1
741 ; 0
742 ; 0
743 ; 0
744 ; 5
745 ; 2
746 ; 0
747 ; 4
748 ; 0
749 ; 0
750 ; 0
751 ; 5
752 ; 0
753 ; 0
754 ; 0
755 ; 4
756 ; 0
757 ; 2
758 ; 0
759 ; 7
760 ; 1
761 ; 7
762 ; 3
763 ; 3
764 ; 2
765 ; 11
766 ; 8
767 ; 11
768 ; 0
769 ; 1
770 ; 1
771 ; 1
772 ; 0
773 ; 0
774 ; 0
775 ; 7
776 ; 1
777 ; 1
778 ; 0
779 ; 0
780 ; 3
781 ; 2
782 ; 0
783 ; 0
784 ; 6
785 ; 0
786 ; 4
787 ; 2
788 ; 0
789 ; 0
790 ; 3
791 ; 0
792 ; 4
793 ; 0
794 ; 9
795 ; 1
796 ; 1
797 ; 0
798 ; 0
799 ; 4
800 ; 0
801 ; 0
802 ; 1
803 ; 2
804 ; 2
805 ; 2
806 ; 0
807 ; 0
808 ; 0
809 ; 3
810 ; 0
811 ; 0
812 ; 3
813 ; 0
814 ; 0
815 ; 1
816 ; 3
817 ; 1
818 ; 0
819 ; 1
820 ; 0
821 ; 1
822 ; 0
823 ; 0
824 ; 0
825 ; 1
826 ; 0
827 ; 4
828 ; 0
829 ; 0
830 ; 4
831 ; 0
832 ; 0
833 ; 0
834 ; 0
835 ; 0
836 ; 0
837 ; 1
838 ; 1
839 ; 1
840 ; 2
841 ; 0
842 ; 0
843 ; 1
844 ; 0
845 ; 1
846 ; 1
847 ; 0
848 ; 1
849 ; 1
850 ; 2
851 ; 1
852 ; 4
853 ; 5
854 ; 4
855 ; 2
856 ; 0
857 ; 0
858 ; 0
859 ; 0
860 ; 0
861 ; 3
862 ; 0
863 ; 0
864 ; 4
865 ; 1
866 ; 0
867 ; 4
868 ; 2
869 ; 1
870 ; 0
871 ; 0
872 ; 0
873 ; 0
874 ; 5
875 ; 0
876 ; 10
877 ; 0
878 ; 2
879 ; 0
880 ; 1
881 ; 1
882 ; 1
883 ; 1
884 ; 0
885 ; 1
886 ; 12
887 ; 0
888 ; 1
889 ; 1
890 ; 4
891 ; 5
892 ; 0
893 ; 2
894 ; 0
895 ; 0
896 ; 0
897 ; 4
898 ; 0
899 ; 2
900 ; 10
901 ; 3
902 ; 1
903 ; 3
904 ; 0
905 ; 0
906 ; 1
907 ; 1
908 ; 0
909 ; 7
910 ; 2
911 ; 0
912 ; 8
913 ; 3
914 ; 0
915 ; 1
916 ; 2
917 ; 2
918 ; 0
919 ; 0
920 ; 3
921 ; 0
922 ; 0
923 ; 0
924 ; 0
925 ; 2
926 ; 2
927 ; 0
928 ; 0
929 ; 2
930 ; 5
931 ; 0
932 ; 3
933 ; 4
934 ; 0
935 ; 0
936 ; 0
937 ; 0
938 ; 0
939 ; 4
940 ; 1
941 ; 2
942 ; 0
943 ; 1
944 ; 0
945 ; 1
946 ; 1
947 ; 4
948 ; 1
949 ; 0
950 ; 0
951 ; 0
952 ; 0
953 ; 0
954 ; 1
955 ; 1
956 ; 1
957 ; 0
958 ; 0
959 ; 1
960 ; 1
961 ; 0
962 ; 2
963 ; 0
964 ; 0
965 ; 1
966 ; 0
967 ; 0
968 ; 0
969 ; 0
970 ; 0
971 ; 0
972 ; 1
973 ; 7
974 ; 26
975 ; 0
976 ; 0
977 ; 0
978 ; 0
979 ; 3
980 ; 0
981 ; 1
982 ; 0
983 ; 0
984 ; 10
985 ; 3
986 ; 0
987 ; 0
988 ; 0
989 ; 1
990 ; 0
991 ; 0
992 ; 2
993 ; 0
994 ; 1
995 ; 0
996 ; 1
997 ; 0
998 ; 1
999 ; 1
1000 ; 1
1001 ; 1
1002 ; 1
1003 ; 0
1004 ; 0
1005 ; 1
1006 ; 1
1007 ; 0
1008 ; 0
1009 ; 2
1010 ; 0
1011 ; 0
1012 ; 0
1013 ; 1
1014 ; 0
1015 ; 0
1016 ; 1
1017 ; 0
1018 ; 1
1019 ; 3
1020 ; 0
1021 ; 2
1022 ; 4
1023 ; 2
1024 ; 3
1025 ; 0
1026 ; 0
1027 ; 1
1028 ; 1
1029 ; 1
1030 ; 2
1031 ; 1
1032 ; 0
1033 ; 6
1034 ; 0
1035 ; 0
1036 ; 0
1037 ; 0
1038 ; 0
1039 ; 1
1040 ; 1
1041 ; 1
1042 ; 37
1043 ; 0
1044 ; 1
1045 ; 1
1046 ; 0
1047 ; 1
1048 ; 2
1049 ; 3
1050 ; 4
1051 ; 0
1052 ; 0
1053 ; 1
1054 ; 1
1055 ; 1
1056 ; 3
1057 ; 3
1058 ; 0
1059 ; 0
1060 ; 0
1061 ; 0
1062 ; 0
1063 ; 1
1064 ; 1
1065 ; 1
1066 ; 3
1067 ; 0
1068 ; 0
1069 ; 0
1070 ; 1
1071 ; 0
1072 ; 3
1073 ; 1
1074 ; 0
1075 ; 1
1076 ; 0
1077 ; 0
1078 ; 1
1079 ; 0
1080 ; 0
1081 ; 0
1082 ; 3
1083 ; 1
1084 ; 1
1085 ; 1
1086 ; 0
1087 ; 0
1088 ; 1
1089 ; 0
1090 ; 0
1091 ; 0
1092 ; 1
1093 ; 0
1094 ; 0
1095 ; 0
1096 ; 3
1097 ; 0
1098 ; 0
1099 ; 8
1100 ; 1
1101 ; 2
1102 ; 0
1103 ; 5
1104 ; 1
1105 ; 2
1106 ; 0
1107 ; 0
1108 ; 0
1109 ; 0
1110 ; 608
1111 ; 0
1112 ; 3
1113 ; 0
1114 ; 0
1115 ; 2
1116 ; 1
1117 ; 0
1118 ; 2
1119 ; 0
1120 ; 0
1121 ; 0
1122 ; 0
1123 ; 3
1124 ; 0
1125 ; 0
1126 ; 1
1127 ; 0
1128 ; 3
1129 ; 2
1130 ; 3
1131 ; 36
1132 ; 0
1133 ; 0
1134 ; 4
1135 ; 0
1136 ; 0
1137 ; 3
1138 ; 1
1139 ; 1
1140 ; 3
1141 ; 36
1142 ; 0
1143 ; 1
1144 ; 3
1145 ; 3
1146 ; 1
1147 ; 1
1148 ; 0
1149 ; 1
1150 ; 1
1151 ; 1
1152 ; 3
1153 ; 0
1154 ; 0
1155 ; 2
1156 ; 0
1157 ; 1
1158 ; 1
1159 ; 0
1160 ; 0
1161 ; 0
1162 ; 0
1163 ; 0
1164 ; 0
1165 ; 0
1166 ; 0
1167 ; 0
1168 ; 0
1169 ; 0
1170 ; 5
1171 ; 4
1172 ; 0
1173 ; 0
1174 ; 3
1175 ; 3
1176 ; 0
1177 ; 46
1178 ; 0
1179 ; 25
1180 ; 1
1181 ; 0
1182 ; 0
1183 ; 0
1184 ; 0
1185 ; 0
1186 ; 0
1187 ; 0
1188 ; 0
1189 ; 2
1190 ; 2
1191 ; 10
1192 ; 0
1193 ; 0
1194 ; 1
1195 ; 2
1196 ; 1
1197 ; 2
1198 ; 1
1199 ; 1
1200 ; 0
1201 ; 1
1202 ; 0
1203 ; 2
1204 ; 0
1205 ; 1
1206 ; 16
1207 ; 0
1208 ; 2
1209 ; 101
1210 ; 3
1211 ; 2
1212 ; 0
1213 ; 0
1214 ; 1
1215 ; 2
1216 ; 1
1217 ; 3
1218 ; 25
1219 ; 0
1220 ; 0
1221 ; 0
1222 ; 0
1223 ; 300
1224 ; 1
1225 ; 0
1226 ; 0
1227 ; 1
1228 ; 1
1229 ; 0
1230 ; 1
1231 ; 0
1232 ; 2
1233 ; 5
1234 ; 0
1235 ; 0
1236 ; 1
1237 ; 3
1238 ; 2
1239 ; 2
1240 ; 39
1241 ; 0
1242 ; 0
1243 ; 1
1244 ; 2
1245 ; 0
1246 ; 0
1247 ; 0
1248 ; 0
1249 ; 1
1250 ; 2
1251 ; 4
1252 ; 0
1253 ; 0
1254 ; 0
1255 ; 3
1256 ; 0
1257 ; 0
1258 ; 0
1259 ; 1
1260 ; 1
1261 ; 1
1262 ; 0
1263 ; 0
1264 ; 0
1265 ; 2
1266 ; 0
1267 ; 1
1268 ; 0
1269 ; 0
1270 ; 1
1271 ; 0
1272 ; 3
1273 ; 1
1274 ; 1
1275 ; 2
1276 ; 1
1277 ; 0
1278 ; 1
1279 ; 4
1280 ; 5
1281 ; 0
1282 ; 0
1283 ; 2
1284 ; 0
1285 ; 3
1286 ; 10
1287 ; 0
1288 ; 0
1289 ; 2
1290 ; 0
1291 ; 1
1292 ; 5
1293 ; 0
1294 ; 3
1295 ; 2
1296 ; 0
1297 ; 4
1298 ; 0
1299 ; 4
1300 ; 1
1301 ; 0
1302 ; 5
1303 ; 1
1304 ; 0
1305 ; 11
1306 ; 1
1307 ; 1
1308 ; 0
1309 ; 0
1310 ; 1
1311 ; 0
1312 ; 1
1313 ; 0
1314 ; 0
1315 ; 2
1316 ; 2
1317 ; 1
1318 ; 0
1319 ; 625
1320 ; 1
1321 ; 2
1322 ; 2
1323 ; 0
1324 ; 0
1325 ; 0
1326 ; 1
1327 ; 1
1328 ; 2
1329 ; 1
1330 ; 2
1331 ; 0
1332 ; 2
1333 ; 75
1334 ; 0
1335 ; 0
1336 ; 0
1337 ; 0
1338 ; 1
1339 ; 1
1340 ; 0
1341 ; 1
1342 ; 0
1343 ; 2
1344 ; 1
1345 ; 2
1346 ; 1
1347 ; 0
1348 ; 1
1349 ; 9
1350 ; 5
1351 ; 1
1352 ; 0
1353 ; 2
1354 ; 0
1355 ; 0
1356 ; 1
1357 ; 6
1358 ; 0
1359 ; 3
1360 ; 1
1361 ; 0
1362 ; 0
1363 ; 6
1364 ; 0
1365 ; 1
1366 ; 0
1367 ; 2
1368 ; 6
1369 ; 1
1370 ; 0
1371 ; 1
1372 ; 4
1373 ; 11
1374 ; 1
1375 ; 0
1376 ; 2
1377 ; 1
1378 ; 0
1379 ; 0
1380 ; 1
1381 ; 9
1382 ; 1
1383 ; 1
1384 ; 0
1385 ; 0
1386 ; 0
1387 ; 24
1388 ; 12
1389 ; 1
1390 ; 2
1391 ; 0
1392 ; 1
1393 ; 2
1394 ; 0
1395 ; 0
1396 ; 0
1397 ; 2
1398 ; 0
1399 ; 0
1400 ; 1
1401 ; 0
1402 ; 0
1403 ; 2
1404 ; 0
1405 ; 0
1406 ; 1
1407 ; 1
1408 ; 2
1409 ; 1
1410 ; 0
1411 ; 1
1412 ; 4
1413 ; 0
1414 ; 0
1415 ; 0
1416 ; 0
1417 ; 0
1418 ; 4
1419 ; 0
1420 ; 0
1421 ; 2
1422 ; 1
1423 ; 0
1424 ; 2
1425 ; 0
1426 ; 8
1427 ; 18
1428 ; 0
1429 ; 1
1430 ; 1
1431 ; 0
1432 ; 0
1433 ; 0
1434 ; 5
1435 ; 52
1436 ; 1
1437 ; 0
1438 ; 0
1439 ; 2
1440 ; 0
1441 ; 0
1442 ; 1
1443 ; 0
1444 ; 0
1445 ; 0
1446 ; 1
1447 ; 0
1448 ; 71
1449 ; 0
1450 ; 0
1451 ; 0
1452 ; 0
1453 ; 6
1454 ; 0
1455 ; 0
1456 ; 0
1457 ; 2
1458 ; 0
1459 ; 0
1460 ; 1
1461 ; 0
1462 ; 0
1463 ; 1
1464 ; 2
1465 ; 0
1466 ; 0
1467 ; 0
1468 ; 2
1469 ; 0
1470 ; 4
1471 ; 0
1472 ; 1
1473 ; 11
1474 ; 0
1475 ; 6
1476 ; 19
1477 ; 2
1478 ; 0
1479 ; 6
1480 ; 1
1481 ; 0
1482 ; 4
1483 ; 1
1484 ; 0
1485 ; 0
1486 ; 1
1487 ; 1
1488 ; 2
1489 ; 1
1490 ; 0
1491 ; 0
1492 ; 1
1493 ; 1
1494 ; 0
1495 ; 0
1496 ; 0
1497 ; 0
1498 ; 0
1499 ; 2
1500 ; 1
1501 ; 0
1502 ; 1
1503 ; 1
1504 ; 0
1505 ; 0
1506 ; 0
1507 ; 1
1508 ; 0
1509 ; 0
1510 ; 3
1511 ; 2
1512 ; 0
1513 ; 0
1514 ; 1
1515 ; 0
1516 ; 1
1517 ; 1
1518 ; 0
1519 ; 0
1520 ; 0
1521 ; 0
1522 ; 1
1523 ; 0
1524 ; 0
1525 ; 0
1526 ; 1
1527 ; 3
1528 ; 0
1529 ; 2
1530 ; 0
1531 ; 2
1532 ; 2
1533 ; 9
1534 ; 0
1535 ; 1
1536 ; 196
1537 ; 1
1538 ; 0
1539 ; 1
1540 ; 1
1541 ; 1
1542 ; 1
1543 ; 2
1544 ; 119
1545 ; 1
1546 ; 7
1547 ; 1
1548 ; 0
1549 ; 2
1550 ; 0
1551 ; 0
1552 ; 21
1553 ; 10
1554 ; 0
1555 ; 0
1556 ; 19
1557 ; 1
1558 ; 0
1559 ; 7
1560 ; 2
1561 ; 0
1562 ; 1
1563 ; 2
1564 ; 5
1565 ; 0
1566 ; 1
1567 ; 1
1568 ; 4
1569 ; 5
1570 ; 4
1571 ; 3
1572 ; 2
1573 ; 1
1574 ; 23
1575 ; 0
1576 ; 0
1577 ; 10
1578 ; 2
1579 ; 3
1580 ; 0
1581 ; 2
1582 ; 0
1583 ; 0
1584 ; 0
1585 ; 0
1586 ; 18
1587 ; 14
1588 ; 0
1589 ; 3
1590 ; 0
1591 ; 1
1592 ; 0
1593 ; 0
1594 ; 0
1595 ; 15
1596 ; 2
1597 ; 1
1598 ; 0
1599 ; 1
1600 ; 0
1601 ; 5
1602 ; 3
1603 ; 0
1604 ; 0
1605 ; 1
1606 ; 0
1607 ; 1
1608 ; 2
1609 ; 1
1610 ; 1
1611 ; 0
1612 ; 0
1613 ; 0
1614 ; 0
1615 ; 1
1616 ; 2
1617 ; 7
1618 ; 1
1619 ; 1
1620 ; 1
1621 ; 2
1622 ; 0
1623 ; 1
1624 ; 0
1625 ; 1
1626 ; 2
1627 ; 0
1628 ; 0
1629 ; 3
1630 ; 1
1631 ; 3
1632 ; 2
1633 ; 0
1634 ; 1
1635 ; 1
1636 ; 3
1637 ; 0
1638 ; 1
1639 ; 0
1640 ; 2
1641 ; 0
1642 ; 47
1643 ; 0
1644 ; 0
1645 ; 2
1646 ; 1
1647 ; 2
1648 ; 0
1649 ; 21
1650 ; 0
1651 ; 3
1652 ; 3
1653 ; 6
1654 ; 72
1655 ; 13
1656 ; 3
1657 ; 2
1658 ; 0
1659 ; 17
1660 ; 2
1661 ; 1
1662 ; 11
1663 ; 0
1664 ; 0
1665 ; 0
1666 ; 1
1667 ; 0
1668 ; 0
1669 ; 2
1670 ; 2
1671 ; 7
1672 ; 1
1673 ; 1
1674 ; 5
1675 ; 3
1676 ; 0
1677 ; 1
1678 ; 9
1679 ; 1
1680 ; 15
1681 ; 2
1682 ; 1
1683 ; 2
1684 ; 19
1685 ; 15
1686 ; 4
1687 ; 2
1688 ; 0
1689 ; 0
1690 ; 6
1691 ; 1
1692 ; 2
1693 ; 4
1694 ; 0
1695 ; 1
1696 ; 3
1697 ; 1
1698 ; 0
1699 ; 0
1700 ; 0
1701 ; 2
1702 ; 1
1703 ; 0
1704 ; 1
1705 ; 0
1706 ; 0
1707 ; 1
1708 ; 1
1709 ; 0
1710 ; 4
1711 ; 3
1712 ; 0
1713 ; 0
1714 ; 2
1715 ; 2
1716 ; 5
1717 ; 2
1718 ; 0
1719 ; 0
1720 ; 1
1721 ; 0
1722 ; 1
1723 ; 0
1724 ; 2
1725 ; 0
1726 ; 0
1727 ; 2
1728 ; 1
1729 ; 0
1730 ; 0
1731 ; 0
1732 ; 0
1733 ; 1
1734 ; 3
1735 ; 0
1736 ; 0
1737 ; 0
1738 ; 12
1739 ; 0
1740 ; 2
1741 ; 1
1742 ; 0
1743 ; 0
1744 ; 1
1745 ; 119
1746 ; 5
1747 ; 1
1748 ; 1
1749 ; 8
1750 ; 1
1751 ; 53
1752 ; 0
1753 ; 2
1754 ; 1
1755 ; 0
1756 ; 0
1757 ; 3
1758 ; 7
1759 ; 0
1760 ; 0
1761 ; 1
1762 ; 1
1763 ; 2
1764 ; 2
1765 ; 0
1766 ; 0
1767 ; 7
1768 ; 1
1769 ; 0
1770 ; 1
1771 ; 5
1772 ; 0
1773 ; 1
1774 ; 3
1775 ; 2
1776 ; 1
1777 ; 0
1778 ; 0
1779 ; 15
1780 ; 0
1781 ; 2
1782 ; 1
1783 ; 0
1784 ; 1
1785 ; 2
1786 ; 1
1787 ; 0
1788 ; 1
1789 ; 0
1790 ; 1
1791 ; 2
1792 ; 0
1793 ; 6
1794 ; 15
1795 ; 1
1796 ; 1
1797 ; 0
1798 ; 0
1799 ; 5
1800 ; 0
1801 ; 0
1802 ; 1
1803 ; 1
1804 ; 1
1805 ; 3
1806 ; 0
1807 ; 2
1808 ; 0
1809 ; 2
1810 ; 0
1811 ; 2
1812 ; 0
1813 ; 2
1814 ; 3
1815 ; 0
1816 ; 0
1817 ; 0
1818 ; 0
1819 ; 2
1820 ; 0
1821 ; 2
1822 ; 0
1823 ; 1
1824 ; 0
1825 ; 2
1826 ; 1
1827 ; 0
1828 ; 3
1829 ; 0
1830 ; 3
1831 ; 0
1832 ; 0
1833 ; 6
1834 ; 1
1835 ; 0
1836 ; 1
1837 ; 1
1838 ; 0
1839 ; 1
1840 ; 2
1841 ; 2
1842 ; 2
1843 ; 0
1844 ; 31
1845 ; 0
1846 ; 3
1847 ; 2
1848 ; 1
1849 ; 2
1850 ; 0
1851 ; 0
1852 ; 1
1853 ; 1
1854 ; 10
1855 ; 7
1856 ; 17
1857 ; 0
1858 ; 4
1859 ; 0
1860 ; 7
1861 ; 1
1862 ; 0
1863 ; 0
1864 ; 3
1865 ; 0
1866 ; 9
1867 ; 0
1868 ; 0
1869 ; 3
1870 ; 13
1871 ; 0
1872 ; 0
1873 ; 2
1874 ; 3
1875 ; 2
1876 ; 0
1877 ; 0
1878 ; 0
1879 ; 0
1880 ; 1
1881 ; 1
1882 ; 9
1883 ; 0
1884 ; 0
1885 ; 0
1886 ; 0
1887 ; 0
1888 ; 0
1889 ; 0
1890 ; 3
1891 ; 1
1892 ; 2
1893 ; 0
1894 ; 0
1895 ; 2
1896 ; 4
1897 ; 0
1898 ; 0
1899 ; 0
1900 ; 0
1901 ; 18
1902 ; 3
1903 ; 2
1904 ; 0
1905 ; 0
1906 ; 6
1907 ; 0
1908 ; 0
1909 ; 0
1910 ; 0
1911 ; 1
1912 ; 0
1913 ; 3
1914 ; 1
1915 ; 0
1916 ; 0
1917 ; 1
1918 ; 1
1919 ; 1
1920 ; 0
1921 ; 2
1922 ; 4
1923 ; 1
1924 ; 1
1925 ; 0
1926 ; 4
1927 ; 0
1928 ; 0
1929 ; 1
1930 ; 4
1931 ; 1
1932 ; 0
1933 ; 2
1934 ; 0
1935 ; 0
1936 ; 1
1937 ; 0
1938 ; 0
1939 ; 0
1940 ; 0
1941 ; 2
1942 ; 1
1943 ; 1
1944 ; 0
1945 ; 1
1946 ; 0
1947 ; 2
1948 ; 1
1949 ; 3
1950 ; 38
1951 ; 4
1952 ; 0
1953 ; 0
1954 ; 1
1955 ; 2
1956 ; 1
1957 ; 0
1958 ; 0
1959 ; 0
1960 ; 4
1961 ; 1
1962 ; 1
1963 ; 2
1964 ; 1
1965 ; 2
1966 ; 0
1967 ; 4
1968 ; 1
1969 ; 87
1970 ; 3
1971 ; 0
1972 ; 4
1973 ; 0
1974 ; 0
1975 ; 1
1976 ; 1
1977 ; 2
1978 ; 3
1979 ; 6
1980 ; 5
1981 ; 1
1982 ; 0
1983 ; 0
1984 ; 1
1985 ; 3
1986 ; 0
1987 ; 0
1988 ; 2
1989 ; 4
1990 ; 0
1991 ; 1
1992 ; 0
1993 ; 0
1994 ; 114
1995 ; 1
1996 ; 0
1997 ; 2
1998 ; 2
1999 ; 0
2000 ; 0
2001 ; 1
2002 ; 0
2003 ; 1
2004 ; 0
2005 ; 2
2006 ; 0
2007 ; 0
2008 ; 2
2009 ; 5
2010 ; 2
2011 ; 11
2012 ; 0
2013 ; 0
2014 ; 2
2015 ; 3
2016 ; 0
2017 ; 0
2018 ; 1
2019 ; 1
2020 ; 6
2021 ; 2
2022 ; 1
2023 ; 2
2024 ; 3
2025 ; 1
2026 ; 2
2027 ; 3
2028 ; 0
2029 ; 1
2030 ; 0
2031 ; 0
2032 ; 0
2033 ; 1
2034 ; 1
2035 ; 2
2036 ; 0
2037 ; 5
2038 ; 1
2039 ; 0
2040 ; 2
2041 ; 0
2042 ; 0
2043 ; 1
2044 ; 0
2045 ; 1
2046 ; 14
2047 ; 0
2048 ; 0
2049 ; 0
2050 ; 2
2051 ; 1
2052 ; 1
2053 ; 5
2054 ; 1
2055 ; 3
2056 ; 0
2057 ; 0
2058 ; 0
2059 ; 3
2060 ; 0
2061 ; 0
2062 ; 2
2063 ; 0
2064 ; 0
2065 ; 3
2066 ; 0
2067 ; 0
2068 ; 1
2069 ; 1
2070 ; 1
2071 ; 1
2072 ; 2
2073 ; 1
2074 ; 3
2075 ; 1
2076 ; 0
2077 ; 1
2078 ; 2
2079 ; 7
2080 ; 0
2081 ; 15
2082 ; 0
2083 ; 0
2084 ; 2
2085 ; 0
2086 ; 0
2087 ; 0
2088 ; 0
2089 ; 1
2090 ; 2
2091 ; 0
2092 ; 0
2093 ; 1
2094 ; 2
2095 ; 3
2096 ; 1
2097 ; 0
2098 ; 1
2099 ; 2
2100 ; 0
2101 ; 0
2102 ; 7
2103 ; 0
2104 ; 0
2105 ; 1
2106 ; 1
2107 ; 4
2108 ; 0
2109 ; 0
2110 ; 1
2111 ; 6
2112 ; 8
2113 ; 0
2114 ; 3
2115 ; 1
2116 ; 0
2117 ; 0
2118 ; 0
2119 ; 1
2120 ; 0
2121 ; 2
2122 ; 0
2123 ; 1
2124 ; 0
2125 ; 1
2126 ; 0
2127 ; 0
2128 ; 4
2129 ; 1
2130 ; 2
2131 ; 5
2132 ; 1
2133 ; 0
2134 ; 3
2135 ; 1
2136 ; 3
2137 ; 0
2138 ; 1
2139 ; 1
2140 ; 1
2141 ; 1
2142 ; 2
2143 ; 1
2144 ; 6
2145 ; 0
2146 ; 3
2147 ; 0
2148 ; 1
2149 ; 4
2150 ; 0
2151 ; 1
2152 ; 2
2153 ; 0
2154 ; 0
2155 ; 0
2156 ; 13
2157 ; 2
2158 ; 0
2159 ; 1
2160 ; 1
2161 ; 1
2162 ; 2
2163 ; 1
2164 ; 0
2165 ; 2
2166 ; 1
2167 ; 0
2168 ; 1
2169 ; 0
2170 ; 0
2171 ; 0
2172 ; 1
2173 ; 0
2174 ; 6
2175 ; 1
2176 ; 5
2177 ; 1
2178 ; 0
2179 ; 0
2180 ; 1
2181 ; 1
2182 ; 0
2183 ; 0
2184 ; 0
2185 ; 0
2186 ; 0
2187 ; 1
2188 ; 1
2189 ; 0
2190 ; 1
2191 ; 0
2192 ; 0
2193 ; 0
2194 ; 8
2195 ; 0
2196 ; 2
2197 ; 0
2198 ; 0
2199 ; 0
2200 ; 3
2201 ; 0
2202 ; 0
2203 ; 2
2204 ; 2
2205 ; 2
2206 ; 0
2207 ; 0
2208 ; 3
2209 ; 2
2210 ; 0
2211 ; 0
2212 ; 1
2213 ; 1
2214 ; 0
2215 ; 0
2216 ; 1
2217 ; 0
2218 ; 3
2219 ; 0
2220 ; 0
2221 ; 0
2222 ; 2
2223 ; 0
2224 ; 3
2225 ; 1
2226 ; 0
2227 ; 0
2228 ; 0
2229 ; 0
2230 ; 1
2231 ; 1
2232 ; 0
2233 ; 1
2234 ; 0
2235 ; 3
2236 ; 1
2237 ; 10
2238 ; 0
2239 ; 0
2240 ; 1
2241 ; 0
2242 ; 0
2243 ; 0
2244 ; 1
2245 ; 0
2246 ; 4
2247 ; 2
2248 ; 0
2249 ; 0
2250 ; 3
2251 ; 0
2252 ; 0
2253 ; 1
2254 ; 1
2255 ; 3
2256 ; 1
2257 ; 2
2258 ; 1
2259 ; 0
2260 ; 2
2261 ; 0
2262 ; 0
2263 ; 0
2264 ; 15
2265 ; 3
2266 ; 1
2267 ; 0
2268 ; 0
2269 ; 1
2270 ; 11
2271 ; 2
2272 ; 0
2273 ; 0
2274 ; 0
2275 ; 0
2276 ; 8
2277 ; 0
2278 ; 1
2279 ; 0
2280 ; 2
2281 ; 0
2282 ; 3
2283 ; 1
2284 ; 0
2285 ; 1
2286 ; 1
2287 ; 5
2288 ; 0
2289 ; 1
2290 ; 2
2291 ; 0
2292 ; 1
2293 ; 36
2294 ; 0
2295 ; 0
2296 ; 0
2297 ; 0
2298 ; 1
2299 ; 0
2300 ; 0
2301 ; 2
2302 ; 0
2303 ; 4
2304 ; 1
2305 ; 0
2306 ; 0
2307 ; 0
2308 ; 0
2309 ; 1
2310 ; 3
2311 ; 0
2312 ; 17
2313 ; 2
2314 ; 0
2315 ; 0
2316 ; 2
2317 ; 2
2318 ; 0
2319 ; 2
2320 ; 1
2321 ; 1
2322 ; 4
2323 ; 0
2324 ; 1
2325 ; 2
2326 ; 1
2327 ; 4
2328 ; 0
2329 ; 3
2330 ; 2
2331 ; 0
2332 ; 1
2333 ; 0
2334 ; 1
2335 ; 4
2336 ; 0
2337 ; 0
2338 ; 2
2339 ; 2
2340 ; 0
2341 ; 0
2342 ; 0
2343 ; 0
2344 ; 0
2345 ; 1
2346 ; 1
2347 ; 0
2348 ; 2
2349 ; 0
2350 ; 1
2351 ; 67
2352 ; 1
2353 ; 3
2354 ; 8
2355 ; 2
2356 ; 0
2357 ; 0
2358 ; 0
2359 ; 33
2360 ; 0
2361 ; 2
2362 ; 4
2363 ; 0
2364 ; 0
2365 ; 0
2366 ; 7
2367 ; 0
2368 ; 2
2369 ; 1
2370 ; 0
2371 ; 0
2372 ; 0
2373 ; 0
2374 ; 0
2375 ; 0
2376 ; 0
2377 ; 0
2378 ; 1
2379 ; 3
2380 ; 0
2381 ; 0
2382 ; 3
2383 ; 1
2384 ; 1
2385 ; 2
2386 ; 1
2387 ; 0
2388 ; 0
2389 ; 0
2390 ; 0
2391 ; 0
2392 ; 0
2393 ; 1
2394 ; 1
2395 ; 0
2396 ; 0
2397 ; 4
2398 ; 6
2399 ; 0
2400 ; 5
2401 ; 0
2402 ; 1
2403 ; 1
2404 ; 1
2405 ; 1
2406 ; 0
2407 ; 0
2408 ; 1
2409 ; 1
2410 ; 1
2411 ; 1
2412 ; 0
2413 ; 0
2414 ; 2
2415 ; 0
2416 ; 0
2417 ; 0
2418 ; 1
2419 ; 0
2420 ; 0
2421 ; 1
2422 ; 0
2423 ; 2
2424 ; 7
2425 ; 0
2426 ; 5
2427 ; 0
2428 ; 8
2429 ; 0
2430 ; 0
2431 ; 2
2432 ; 1
2433 ; 1
2434 ; 0
2435 ; 0
2436 ; 2
2437 ; 3
2438 ; 0
2439 ; 1
2440 ; 0
2441 ; 0
2442 ; 3
2443 ; 0
2444 ; 0
2445 ; 3
2446 ; 3
2447 ; 0
2448 ; 3
2449 ; 2
2450 ; 0
2451 ; 1
2452 ; 1
2453 ; 1
2454 ; 0
2455 ; 0
2456 ; 1
2457 ; 33
2458 ; 0
2459 ; 4
2460 ; 0
2461 ; 1
2462 ; 0
2463 ; 0
2464 ; 1
2465 ; 1
2466 ; 4
2467 ; 1
2468 ; 0
2469 ; 0
2470 ; 1
2471 ; 0
2472 ; 0
2473 ; 10
2474 ; 0
2475 ; 1
2476 ; 0
2477 ; 1
2478 ; 0
2479 ; 1
2480 ; 7
2481 ; 1
2482 ; 0
2483 ; 0
2484 ; 0
2485 ; 0
2486 ; 1
2487 ; 5
2488 ; 0
2489 ; 3
2490 ; 0
2491 ; 1
2492 ; 1
2493 ; 0
2494 ; 0
2495 ; 0
2496 ; 0
2497 ; 0
2498 ; 0
2499 ; 0
2500 ; 3
2501 ; 0
2502 ; 0
2503 ; 0
2504 ; 0
2505 ; 4
2506 ; 5
2507 ; 0
2508 ; 1
2509 ; 0
2510 ; 0
2511 ; 17
2512 ; 13
2513 ; 9
2514 ; 0
2515 ; 1
2516 ; 0
2517 ; 0
2518 ; 2
2519 ; 2
2520 ; 0
2521 ; 0
2522 ; 0
2523 ; 0
2524 ; 0
2525 ; 7
2526 ; 2
2527 ; 4
2528 ; 0
2529 ; 0
2530 ; 8
2531 ; 3
2532 ; 0
2533 ; 2
2534 ; 0
2535 ; 1
2536 ; 0
2537 ; 7
2538 ; 2
2539 ; 3
2540 ; 1
2541 ; 2
2542 ; 1
2543 ; 0
2544 ; 0
2545 ; 4
2546 ; 0
2547 ; 0
2548 ; 0
2549 ; 0
2550 ; 1
2551 ; 81
2552 ; 1
2553 ; 3
2554 ; 1
2555 ; 3
2556 ; 0
2557 ; 0
2558 ; 1
2559 ; 16
2560 ; 0
2561 ; 1
2562 ; 2
2563 ; 0
2564 ; 1
2565 ; 0
2566 ; 1
2567 ; 0
2568 ; 1
2569 ; 0
2570 ; 1
2571 ; 0
2572 ; 1
2573 ; 2
2574 ; 0
2575 ; 0
2576 ; 1
2577 ; 0
2578 ; 0
2579 ; 1
2580 ; 0
2581 ; 2
2582 ; 6
2583 ; 0
2584 ; 3
2585 ; 2
2586 ; 4
2587 ; 0
2588 ; 2
2589 ; 0
2590 ; 0
2591 ; 0
2592 ; 1
2593 ; 0
2594 ; 1
2595 ; 0
2596 ; 8
2597 ; 7
2598 ; 0
2599 ; 1
2600 ; 0
2601 ; 0
2602 ; 3
2603 ; 0
2604 ; 0
2605 ; 2
2606 ; 0
2607 ; 13
2608 ; 3
2609 ; 1
2610 ; 0
2611 ; 0
2612 ; 1
2613 ; 0
2614 ; 0
2615 ; 1
2616 ; 0
2617 ; 0
2618 ; 0
2619 ; 0
2620 ; 1
2621 ; 0
2622 ; 0
2623 ; 0
2624 ; 0
2625 ; 1
2626 ; 0
2627 ; 1
2628 ; 1
2629 ; 0
2630 ; 2
2631 ; 100
2632 ; 88
2633 ; 1
2634 ; 3
2635 ; 2
2636 ; 7
2637 ; 266
2638 ; 0
2639 ; 2
2640 ; 13
2641 ; 0
2642 ; 2
2643 ; 0
2644 ; 0
2645 ; 0
2646 ; 0
2647 ; 0
2648 ; 0
2649 ; 0
2650 ; 0
2651 ; 1
2652 ; 10
2653 ; 0
2654 ; 0
2655 ; 0
2656 ; 0
2657 ; 0
2658 ; 1
2659 ; 0
2660 ; 0
2661 ; 0
2662 ; 1
2663 ; 31
2664 ; 0
2665 ; 0
2666 ; 0
2667 ; 1
2668 ; 2
2669 ; 1
2670 ; 8
2671 ; 1
2672 ; 3
2673 ; 5
2674 ; 0
2675 ; 0
2676 ; 2
2677 ; 0
2678 ; 5
2679 ; 0
2680 ; 0
2681 ; 0
2682 ; 4
2683 ; 2
2684 ; 4
2685 ; 1
2686 ; 2
2687 ; 1
2688 ; 1
2689 ; 0
2690 ; 58
2691 ; 0
2692 ; 1
2693 ; 3
2694 ; 1
2695 ; 3
2696 ; 1
2697 ; 10
2698 ; 2
2699 ; 1
2700 ; 0
2701 ; 0
2702 ; 0
2703 ; 2
2704 ; 0
2705 ; 3
2706 ; 1
2707 ; 0
2708 ; 0
2709 ; 1
2710 ; 12
2711 ; 0
2712 ; 1
2713 ; 2
2714 ; 0
2715 ; 0
2716 ; 1
2717 ; 1
2718 ; 0
2719 ; 0
2720 ; 2
2721 ; 0
2722 ; 9
2723 ; 0
2724 ; 5
2725 ; 1
2726 ; 2
2727 ; 2
2728 ; 0
2729 ; 1
2730 ; 4
2731 ; 0
2732 ; 0
2733 ; 3
2734 ; 0
2735 ; 2
2736 ; 1
2737 ; 1
2738 ; 1
2739 ; 0
2740 ; 0
2741 ; 35
2742 ; 0
2743 ; 1
2744 ; 5
2745 ; 0
2746 ; 0
2747 ; 1
2748 ; 0
2749 ; 2
2750 ; 0
2751 ; 1
2752 ; 1
2753 ; 0
2754 ; 0
2755 ; 8
2756 ; 0
2757 ; 1
2758 ; 0
2759 ; 0
2760 ; 2
2761 ; 0
2762 ; 223
2763 ; 2
2764 ; 1
2765 ; 2
2766 ; 2
2767 ; 1
2768 ; 3
2769 ; 14
2770 ; 3
2771 ; 0
2772 ; 2
2773 ; 1
2774 ; 0
2775 ; 0
2776 ; 2
2777 ; 0
2778 ; 0
2779 ; 0
2780 ; 0
2781 ; 0
2782 ; 1
2783 ; 0
2784 ; 0
2785 ; 3
2786 ; 0
2787 ; 58
2788 ; 0
2789 ; 0
2790 ; 0
2791 ; 0
2792 ; 1
2793 ; 0
2794 ; 2
2795 ; 0
2796 ; 63
2797 ; 0
2798 ; 0
2799 ; 1
2800 ; 7
2801 ; 0
2802 ; 0
2803 ; 2
2804 ; 0
2805 ; 1
2806 ; 2
2807 ; 1
2808 ; 5
2809 ; 2
2810 ; 0
2811 ; 2
2812 ; 0
2813 ; 0
2814 ; 7
2815 ; 0
2816 ; 2
2817 ; 1
2818 ; 1
2819 ; 3
2820 ; 1
2821 ; 2
2822 ; 2
2823 ; 1
2824 ; 0
2825 ; 3
2826 ; 2
2827 ; 0
2828 ; 0
2829 ; 0
2830 ; 1
2831 ; 0
2832 ; 0
2833 ; 1
2834 ; 1
2835 ; 1
2836 ; 3
2837 ; 0
2838 ; 35
2839 ; 1
2840 ; 0
2841 ; 61
2842 ; 2
2843 ; 0
2844 ; 0
2845 ; 1
2846 ; 0
2847 ; 0
2848 ; 0
2849 ; 50
2850 ; 0
2851 ; 1
2852 ; 1
2853 ; 9
2854 ; 1
2855 ; 1
2856 ; 0
2857 ; 0
2858 ; 0
2859 ; 1
2860 ; 1
2861 ; 131
2862 ; 2
2863 ; 0
2864 ; 0
2865 ; 5
2866 ; 1
2867 ; 2
2868 ; 0
2869 ; 2
2870 ; 1
2871 ; 3
2872 ; 2
2873 ; 0
2874 ; 0
2875 ; 204
2876 ; 0
2877 ; 1
2878 ; 1
2879 ; 1
2880 ; 3
2881 ; 0
2882 ; 0
2883 ; 1
2884 ; 2
2885 ; 0
2886 ; 0
2887 ; 0
2888 ; 4
2889 ; 0
2890 ; 3
2891 ; 3
2892 ; 0
2893 ; 0
2894 ; 3
2895 ; 18
2896 ; 0
2897 ; 1
2898 ; 3
2899 ; 0
2900 ; 0
2901 ; 32
2902 ; 1
2903 ; 4
2904 ; 4
2905 ; 5
2906 ; 0
2907 ; 0
2908 ; 0
2909 ; 1
2910 ; 4
2911 ; 0
2912 ; 0
2913 ; 0
2914 ; 0
2915 ; 0
2916 ; 4
2917 ; 2
2918 ; 2
2919 ; 2
2920 ; 0
2921 ; 2
2922 ; 0
2923 ; 1
2924 ; 1
2925 ; 4
2926 ; 0
2927 ; 0
2928 ; 0
2929 ; 0
2930 ; 0
2931 ; 1
2932 ; 0
2933 ; 0
2934 ; 1
2935 ; 1
2936 ; 4
2937 ; 0
2938 ; 0
2939 ; 3
2940 ; 0
2941 ; 2
2942 ; 0
2943 ; 0
2944 ; 0
2945 ; 0
2946 ; 0
2947 ; 0
2948 ; 0
2949 ; 0
2950 ; 0
2951 ; 0
2952 ; 0
2953 ; 1
2954 ; 1
2955 ; 1
2956 ; 3
2957 ; 1
2958 ; 1
2959 ; 5
2960 ; 2
2961 ; 0
2962 ; 2
2963 ; 4
2964 ; 6
2965 ; 85
2966 ; 46
2967 ; 0
2968 ; 0
2969 ; 1
2970 ; 0
2971 ; 225
2972 ; 2
2973 ; 0
2974 ; 1
2975 ; 0
2976 ; 2
2977 ; 0
2978 ; 7
2979 ; 0
2980 ; 0
2981 ; 1
2982 ; 8
2983 ; 0
2984 ; 0
2985 ; 1
2986 ; 0
2987 ; 2
2988 ; 1
2989 ; 1
2990 ; 2
2991 ; 0
2992 ; 0
2993 ; 1
2994 ; 2
2995 ; 2
2996 ; 1
2997 ; 0
2998 ; 1
2999 ; 0
3000 ; 0
3001 ; 0
3002 ; 1
3003 ; 4
3004 ; 2
3005 ; 0
3006 ; 0
3007 ; 0
3008 ; 0
3009 ; 10
3010 ; 1
3011 ; 2
3012 ; 0
3013 ; 1
3014 ; 21
3015 ; 0
3016 ; 3
3017 ; 0
3018 ; 0
3019 ; 3
3020 ; 0
3021 ; 1
3022 ; 1
3023 ; 0
3024 ; 0
3025 ; 2
3026 ; 0
3027 ; 0
3028 ; 0
3029 ; 2
3030 ; 1
3031 ; 2
3032 ; 3
3033 ; 1
3034 ; 0
3035 ; 0
3036 ; 0
3037 ; 0
3038 ; 5
3039 ; 1
3040 ; 0
3041 ; 0
3042 ; 1
3043 ; 0
3044 ; 0
3045 ; 0
3046 ; 0
3047 ; 8
3048 ; 0
3049 ; 0
3050 ; 19
3051 ; 1
3052 ; 4
3053 ; 2
3054 ; 7
3055 ; 4
3056 ; 1
3057 ; 6
3058 ; 5
3059 ; 0
3060 ; 0
3061 ; 0
3062 ; 2
3063 ; 0
3064 ; 12
3065 ; 1
3066 ; 33
3067 ; 29
3068 ; 0
3069 ; 2
3070 ; 1
3071 ; 39
3072 ; 1
3073 ; 1
3074 ; 2
3075 ; 2
3076 ; 0
3077 ; 1
3078 ; 6
3079 ; 3
3080 ; 4
3081 ; 6
3082 ; 1
3083 ; 16
3084 ; 3
3085 ; 0
3086 ; 1
3087 ; 0
3088 ; 0
3089 ; 1
3090 ; 0
3091 ; 2
3092 ; 3
3093 ; 0
3094 ; 3
3095 ; 1
3096 ; 0
3097 ; 0
3098 ; 0
3099 ; 4
3100 ; 0
3101 ; 1
3102 ; 2
3103 ; 2
3104 ; 0
3105 ; 0
3106 ; 0
3107 ; 1
3108 ; 1
3109 ; 3
3110 ; 0
3111 ; 2
3112 ; 1
3113 ; 1
3114 ; 1
3115 ; 1
3116 ; 0
3117 ; 3
3118 ; 0
3119 ; 4
3120 ; 7
3121 ; 0
3122 ; 1
3123 ; 3
3124 ; 1
3125 ; 1
3126 ; 0
3127 ; 1
3128 ; 0
3129 ; 0
3130 ; 0
3131 ; 0
3132 ; 18
3133 ; 1
3134 ; 1
3135 ; 0
3136 ; 1
3137 ; 0
3138 ; 1
3139 ; 1
3140 ; 0
3141 ; 5
3142 ; 1
3143 ; 0
3144 ; 0
3145 ; 0
3146 ; 0
3147 ; 0
3148 ; 5
3149 ; 1
3150 ; 2
3151 ; 0
3152 ; 0
3153 ; 2
3154 ; 0
3155 ; 0
3156 ; 0
3157 ; 0
3158 ; 1
3159 ; 1
3160 ; 3
3161 ; 1
3162 ; 1
3163 ; 3
3164 ; 4
3165 ; 4
3166 ; 0
3167 ; 1
3168 ; 1
3169 ; 2
3170 ; 1
3171 ; 0
3172 ; 0
3173 ; 6
3174 ; 3
3175 ; 0
3176 ; 2
3177 ; 2
3178 ; 5
3179 ; 9
3180 ; 0
3181 ; 1
3182 ; 0
3183 ; 0
3184 ; 6
3185 ; 0
3186 ; 21
3187 ; 2
3188 ; 3
3189 ; 0
3190 ; 2
3191 ; 0
3192 ; 0
3193 ; 0
3194 ; 0
3195 ; 2
3196 ; 0
3197 ; 0
3198 ; 1
3199 ; 0
3200 ; 2
3201 ; 11
3202 ; 0
3203 ; 0
3204 ; 13
3205 ; 2
3206 ; 0
3207 ; 1
3208 ; 115
3209 ; 0
3210 ; 0
3211 ; 1
3212 ; 15
3213 ; 0
3214 ; 0
3215 ; 2
3216 ; 5
3217 ; 0
3218 ; 1
3219 ; 1
3220 ; 0
3221 ; 3
3222 ; 1
3223 ; 0
3224 ; 2
3225 ; 1
3226 ; 0
3227 ; 0
3228 ; 3
3229 ; 0
3230 ; 0
3231 ; 0
3232 ; 12
3233 ; 0
3234 ; 0
3235 ; 0
3236 ; 0
3237 ; 2
3238 ; 0
3239 ; 0
3240 ; 0
3241 ; 1
3242 ; 0
3243 ; 0
3244 ; 2
3245 ; 1
3246 ; 0
3247 ; 2
3248 ; 0
3249 ; 0
3250 ; 0
3251 ; 0
3252 ; 0
3253 ; 0
3254 ; 8
3255 ; 4
3256 ; 0
3257 ; 2
3258 ; 0
3259 ; 2
3260 ; 1
3261 ; 1
3262 ; 1
3263 ; 0
3264 ; 0
3265 ; 0
3266 ; 1
3267 ; 0
3268 ; 0
3269 ; 2
3270 ; 1
3271 ; 1
3272 ; 0
3273 ; 526
3274 ; 0
3275 ; 2
3276 ; 0
3277 ; 0
3278 ; 0
3279 ; 27
3280 ; 7
3281 ; 3
3282 ; 1
3283 ; 2
3284 ; 14
3285 ; 0
3286 ; 42
3287 ; 3
3288 ; 1
3289 ; 50
3290 ; 1
3291 ; 7
3292 ; 1
3293 ; 0
3294 ; 0
3295 ; 10
3296 ; 1
3297 ; 0
3298 ; 5
3299 ; 3
3300 ; 2
3301 ; 44
3302 ; 0
3303 ; 18
3304 ; 0
3305 ; 2
3306 ; 2
3307 ; 1
3308 ; 0
3309 ; 0
3310 ; 0
3311 ; 1
3312 ; 1
3313 ; 0
3314 ; 3
3315 ; 5
3316 ; 0
3317 ; 2
3318 ; 2
3319 ; 3
3320 ; 0
3321 ; 4
3322 ; 4
3323 ; 8
3324 ; 1
3325 ; 0
3326 ; 0
3327 ; 0
3328 ; 1
3329 ; 0
3330 ; 1
3331 ; 7
3332 ; 1
3333 ; 1
3334 ; 0
3335 ; 0
3336 ; 0
3337 ; 13
3338 ; 0
3339 ; 1
3340 ; 0
3341 ; 0
3342 ; 0
3343 ; 2
3344 ; 0
3345 ; 1
3346 ; 0
3347 ; 0
3348 ; 0
3349 ; 1
3350 ; 0
3351 ; 3
3352 ; 0
3353 ; 1
3354 ; 3
3355 ; 0
3356 ; 0
3357 ; 0
3358 ; 0
3359 ; 2
3360 ; 2
3361 ; 2
3362 ; 13
3363 ; 0
3364 ; 1
3365 ; 0
3366 ; 0
3367 ; 0
3368 ; 0
3369 ; 36
3370 ; 2
3371 ; 1
3372 ; 1
3373 ; 0
3374 ; 1
3375 ; 3
3376 ; 1
3377 ; 0
3378 ; 0
3379 ; 4
3380 ; 9
3381 ; 1
3382 ; 1
3383 ; 0
3384 ; 5
3385 ; 1
3386 ; 1
3387 ; 1
3388 ; 1
3389 ; 0
3390 ; 103
3391 ; 0
3392 ; 1
3393 ; 9
3394 ; 1
3395 ; 0
3396 ; 0
3397 ; 0
3398 ; 4
3399 ; 2
3400 ; 1
3401 ; 2
3402 ; 0
3403 ; 1
3404 ; 0
3405 ; 1
3406 ; 10
3407 ; 0
3408 ; 0
3409 ; 0
3410 ; 2
3411 ; 0
3412 ; 0
3413 ; 3
3414 ; 1
3415 ; 14
3416 ; 0
3417 ; 2
3418 ; 0
3419 ; 2
3420 ; 7
3421 ; 16
3422 ; 0
3423 ; 1
3424 ; 0
3425 ; 14
3426 ; 5
3427 ; 0
3428 ; 1
3429 ; 2
3430 ; 0
3431 ; 0
3432 ; 0
3433 ; 2
3434 ; 0
3435 ; 0
3436 ; 0
3437 ; 11
3438 ; 0
3439 ; 0
3440 ; 0
3441 ; 0
3442 ; 3
3443 ; 1
3444 ; 0
3445 ; 0
3446 ; 1
3447 ; 0
3448 ; 0
3449 ; 0
3450 ; 2
3451 ; 3
3452 ; 0
3453 ; 0
3454 ; 0
3455 ; 0
3456 ; 0
3457 ; 3
3458 ; 0
3459 ; 6
3460 ; 1
3461 ; 0
3462 ; 0
3463 ; 0
3464 ; 0
3465 ; 16
3466 ; 3
3467 ; 0
3468 ; 4
3469 ; 2
3470 ; 1
3471 ; 2
3472 ; 0
3473 ; 1
3474 ; 1
3475 ; 1
3476 ; 0
3477 ; 0
3478 ; 0
3479 ; 2
3480 ; 8
3481 ; 1
3482 ; 0
3483 ; 0
3484 ; 1
3485 ; 0
3486 ; 0
3487 ; 2
3488 ; 0
3489 ; 2
3490 ; 1
3491 ; 0
3492 ; 2
3493 ; 0
3494 ; 2
3495 ; 2
3496 ; 1
3497 ; 4
3498 ; 17
3499 ; 6
3500 ; 0
3501 ; 0
3502 ; 2
3503 ; 2
3504 ; 1
3505 ; 2
3506 ; 0
3507 ; 2
3508 ; 0
3509 ; 0
3510 ; 0
3511 ; 0
3512 ; 0
3513 ; 1
3514 ; 1
3515 ; 0
3516 ; 0
3517 ; 0
3518 ; 0
3519 ; 2
3520 ; 8
3521 ; 2
3522 ; 2
3523 ; 2
3524 ; 0
3525 ; 1
3526 ; 0
3527 ; 1
3528 ; 2
3529 ; 1
3530 ; 9
3531 ; 2
3532 ; 0
3533 ; 0
3534 ; 1
3535 ; 6
3536 ; 0
3537 ; 1
3538 ; 0
3539 ; 0
3540 ; 0
3541 ; 1
3542 ; 2
3543 ; 0
3544 ; 1
3545 ; 0
3546 ; 1
3547 ; 0
3548 ; 0
3549 ; 0
3550 ; 3
3551 ; 0
3552 ; 1
3553 ; 0
3554 ; 0
3555 ; 2
3556 ; 2
3557 ; 3
3558 ; 0
3559 ; 5
3560 ; 0
3561 ; 0
3562 ; 6
3563 ; 4
3564 ; 2
3565 ; 0
3566 ; 1
3567 ; 0
3568 ; 0
3569 ; 21
3570 ; 1
3571 ; 0
3572 ; 0
3573 ; 0
3574 ; 1
3575 ; 1
3576 ; 0
3577 ; 0
3578 ; 0
3579 ; 4
3580 ; 1
3581 ; 0
3582 ; 1
3583 ; 0
3584 ; 2
3585 ; 0
3586 ; 2
3587 ; 2
3588 ; 0
3589 ; 0
3590 ; 0
3591 ; 0
3592 ; 0
3593 ; 2
3594 ; 0
3595 ; 1
3596 ; 0
3597 ; 0
3598 ; 0
3599 ; 7
3600 ; 1
3601 ; 10
3602 ; 0
3603 ; 0
3604 ; 0
3605 ; 1
3606 ; 6
3607 ; 8
3608 ; 0
3609 ; 2
3610 ; 1
3611 ; 0
3612 ; 1
3613 ; 15
3614 ; 0
3615 ; 3
3616 ; 0
3617 ; 1
3618 ; 0
3619 ; 0
3620 ; 0
3621 ; 4
3622 ; 0
3623 ; 3
3624 ; 0
3625 ; 0
3626 ; 0
3627 ; 2
3628 ; 0
3629 ; 12
3630 ; 0
3631 ; 1
3632 ; 0
3633 ; 0
3634 ; 0
3635 ; 1
3636 ; 1
3637 ; 0
3638 ; 0
3639 ; 1
3640 ; 1
3641 ; 0
3642 ; 0
3643 ; 0
3644 ; 0
3645 ; 1
3646 ; 1
3647 ; 0
3648 ; 1
3649 ; 0
3650 ; 0
3651 ; 2
3652 ; 0
3653 ; 0
3654 ; 0
3655 ; 1
3656 ; 3
3657 ; 0
3658 ; 2
3659 ; 0
3660 ; 0
3661 ; 1
3662 ; 2
3663 ; 0
3664 ; 0
3665 ; 1
3666 ; 0
3667 ; 1
3668 ; 11
3669 ; 2
3670 ; 1
3671 ; 0
3672 ; 0
3673 ; 0
3674 ; 2
3675 ; 0
3676 ; 0
3677 ; 0
3678 ; 1
3679 ; 0
3680 ; 2
3681 ; 0
3682 ; 0
3683 ; 0
3684 ; 0
3685 ; 2
3686 ; 0
3687 ; 1
3688 ; 4
3689 ; 0
3690 ; 0
3691 ; 0
3692 ; 1
3693 ; 3
3694 ; 1
3695 ; 0
3696 ; 0
3697 ; 5
3698 ; 0
3699 ; 0
3700 ; 0
3701 ; 0
3702 ; 1
3703 ; 1
3704 ; 0
3705 ; 1
3706 ; 0
3707 ; 0
3708 ; 1
3709 ; 1
3710 ; 0
3711 ; 1
3712 ; 1
3713 ; 1
3714 ; 0
3715 ; 4
3716 ; 4
3717 ; 0
3718 ; 0
3719 ; 0
3720 ; 0
3721 ; 0
3722 ; 1
3723 ; 1
3724 ; 4
3725 ; 3
3726 ; 0
3727 ; 0
3728 ; 0
3729 ; 0
3730 ; 2
3731 ; 0
3732 ; 1
3733 ; 0
3734 ; 1
3735 ; 1
3736 ; 1
3737 ; 1
3738 ; 1
3739 ; 0
3740 ; 0
3741 ; 0
3742 ; 0
3743 ; 1
3744 ; 0
3745 ; 0
3746 ; 0
3747 ; 1
3748 ; 1
3749 ; 0
3750 ; 0
3751 ; 1
3752 ; 0
3753 ; 0
3754 ; 1
3755 ; 1
3756 ; 0
3757 ; 0
3758 ; 1
3759 ; 23
3760 ; 4
3761 ; 2
3762 ; 0
3763 ; 1
3764 ; 5
3765 ; 1
3766 ; 0
3767 ; 2
3768 ; 0
3769 ; 0
3770 ; 1
3771 ; 0
3772 ; 0
3773 ; 1
3774 ; 2
3775 ; 0
3776 ; 0
3777 ; 0
3778 ; 1
3779 ; 2
3780 ; 0
3781 ; 1
3782 ; 3
3783 ; 0
3784 ; 0
3785 ; 5
3786 ; 0
3787 ; 0
3788 ; 3
3789 ; 1
3790 ; 0
3791 ; 1
3792 ; 1
3793 ; 1
3794 ; 2
3795 ; 0
3796 ; 1
3797 ; 0
3798 ; 0
3799 ; 0
3800 ; 0
3801 ; 1
3802 ; 0
3803 ; 1
3804 ; 0
3805 ; 0
3806 ; 1
3807 ; 1
3808 ; 0
3809 ; 2
3810 ; 0
3811 ; 1
3812 ; 3
3813 ; 3
3814 ; 0
3815 ; 0
3816 ; 0
3817 ; 0
3818 ; 0
3819 ; 2
3820 ; 0
3821 ; 1
3822 ; 3
3823 ; 0
3824 ; 15
3825 ; 4
3826 ; 5
3827 ; 0
3828 ; 2
3829 ; 0
3830 ; 2
3831 ; 0
3832 ; 0
3833 ; 5
3834 ; 0
3835 ; 1
3836 ; 0
3837 ; 0
3838 ; 1
3839 ; 0
3840 ; 0
3841 ; 1
3842 ; 3
3843 ; 0
3844 ; 0
3845 ; 3
3846 ; 1
3847 ; 0
3848 ; 0
3849 ; 0
3850 ; 0
3851 ; 1
3852 ; 2
3853 ; 2
3854 ; 364
3855 ; 1
3856 ; 6
3857 ; 0
3858 ; 1
3859 ; 1
3860 ; 1
3861 ; 1
3862 ; 3
3863 ; 2
3864 ; 0
3865 ; 1
3866 ; 0
3867 ; 1
3868 ; 5
3869 ; 1
3870 ; 1
3871 ; 1
3872 ; 0
3873 ; 1
3874 ; 0
3875 ; 6
3876 ; 7
3877 ; 2
3878 ; 7
3879 ; 0
3880 ; 0
3881 ; 0
3882 ; 0
3883 ; 1
3884 ; 3
3885 ; 1
3886 ; 1
3887 ; 0
3888 ; 1
3889 ; 0
3890 ; 0
3891 ; 0
3892 ; 0
3893 ; 3
3894 ; 1
3895 ; 1
3896 ; 1
3897 ; 0
3898 ; 5
3899 ; 1
3900 ; 0
3901 ; 1
3902 ; 0
3903 ; 2
3904 ; 0
3905 ; 1
3906 ; 1
3907 ; 0
3908 ; 0
3909 ; 1
3910 ; 1
3911 ; 0
3912 ; 1
3913 ; 2
3914 ; 3
3915 ; 2
3916 ; 0
3917 ; 0
3918 ; 1
3919 ; 0
3920 ; 9
3921 ; 1
3922 ; 0
3923 ; 0
3924 ; 0
3925 ; 0
3926 ; 0
3927 ; 8
3928 ; 2
3929 ; 2
3930 ; 2
3931 ; 0
3932 ; 2
3933 ; 1
3934 ; 0
3935 ; 0
3936 ; 1
3937 ; 29
3938 ; 0
3939 ; 0
3940 ; 0
3941 ; 0
3942 ; 0
3943 ; 1
3944 ; 1
3945 ; 1
3946 ; 1
3947 ; 1
3948 ; 8
3949 ; 1
3950 ; 20
3951 ; 2
3952 ; 1
3953 ; 3
3954 ; 1
3955 ; 9
3956 ; 1
3957 ; 3
3958 ; 0
3959 ; 1
3960 ; 1
3961 ; 0
3962 ; 0
3963 ; 108
3964 ; 3
3965 ; 0
3966 ; 2
3967 ; 0
3968 ; 1
3969 ; 2
3970 ; 1
3971 ; 1
3972 ; 2
3973 ; 0
3974 ; 0
3975 ; 0
3976 ; 2
3977 ; 0
3978 ; 2
3979 ; 0
3980 ; 2
3981 ; 4
3982 ; 2
3983 ; 3
3984 ; 1
3985 ; 0
3986 ; 1
3987 ; 6
3988 ; 1
3989 ; 0
3990 ; 2
3991 ; 0
3992 ; 0
3993 ; 0
3994 ; 0
3995 ; 0
3996 ; 0
3997 ; 0
3998 ; 0
3999 ; 0
4000 ; 0
4001 ; 1
4002 ; 30
4003 ; 2
4004 ; 0
4005 ; 4
4006 ; 1
4007 ; 0
4008 ; 1
4009 ; 0
4010 ; 0
4011 ; 1
4012 ; 0
4013 ; 0
4014 ; 2
4015 ; 0
4016 ; 0
4017 ; 0
4018 ; 1
4019 ; 2
4020 ; 0
4021 ; 1
4022 ; 1
4023 ; 2
4024 ; 1
4025 ; 17
4026 ; 0
4027 ; 0
4028 ; 2
4029 ; 1
4030 ; 0
4031 ; 0
4032 ; 2
4033 ; 0
4034 ; 1
4035 ; 3
4036 ; 1
4037 ; 2
4038 ; 3
4039 ; 0
4040 ; 1
4041 ; 1
4042 ; 0
4043 ; 0
4044 ; 0
4045 ; 0
4046 ; 1
4047 ; 2
4048 ; 0
4049 ; 1
4050 ; 1
4051 ; 0
4052 ; 0
4053 ; 1
4054 ; 0
4055 ; 0
4056 ; 0
4057 ; 0
4058 ; 0
4059 ; 1
4060 ; 1
4061 ; 1
4062 ; 1
4063 ; 0
4064 ; 0
4065 ; 0
4066 ; 27
4067 ; 1
4068 ; 2
4069 ; 1
4070 ; 4
4071 ; 0
4072 ; 5
4073 ; 1
4074 ; 1
4075 ; 1
4076 ; 0
4077 ; 0
4078 ; 0
4079 ; 1
4080 ; 3
4081 ; 0
4082 ; 11
4083 ; 2
4084 ; 0
4085 ; 0
4086 ; 10
4087 ; 0
4088 ; 0
4089 ; 0
4090 ; 4
4091 ; 59
4092 ; 0
4093 ; 2
4094 ; 1
4095 ; 0
4096 ; 5
4097 ; 1
4098 ; 0
4099 ; 1
4100 ; 0
4101 ; 0
4102 ; 4
4103 ; 2
4104 ; 0
4105 ; 1
4106 ; 2
4107 ; 0
4108 ; 0
4109 ; 1
4110 ; 0
4111 ; 0
4112 ; 0
4113 ; 0
4114 ; 8
4115 ; 2
4116 ; 1
4117 ; 0
4118 ; 0
4119 ; 3
4120 ; 6
4121 ; 3
4122 ; 0
4123 ; 0
4124 ; 5
4125 ; 3
4126 ; 3
4127 ; 14
4128 ; 1
4129 ; 1
4130 ; 0
4131 ; 2
4132 ; 0
4133 ; 0
4134 ; 1
4135 ; 1
4136 ; 1
4137 ; 0
4138 ; 0
4139 ; 3
4140 ; 0
4141 ; 3
4142 ; 2
4143 ; 0
4144 ; 2
4145 ; 0
4146 ; 6
4147 ; 1
4148 ; 2
4149 ; 1
4150 ; 0
4151 ; 0
4152 ; 2
4153 ; 382
4154 ; 0
4155 ; 1
4156 ; 0
4157 ; 0
4158 ; 3
4159 ; 1
4160 ; 0
4161 ; 1
4162 ; 1
4163 ; 0
4164 ; 0
4165 ; 1
4166 ; 1
4167 ; 1
4168 ; 0
4169 ; 1
4170 ; 1
4171 ; 13
4172 ; 0
4173 ; 0
4174 ; 0
4175 ; 4
4176 ; 0
4177 ; 1
4178 ; 0
4179 ; 0
4180 ; 1
4181 ; 0
4182 ; 3
4183 ; 0
4184 ; 2
4185 ; 2
4186 ; 0
4187 ; 0
4188 ; 16
4189 ; 7
4190 ; 0
4191 ; 6
4192 ; 0
4193 ; 1
4194 ; 4
4195 ; 23
4196 ; 1
4197 ; 83
4198 ; 0
4199 ; 5
4200 ; 2
4201 ; 0
4202 ; 0
4203 ; 2
4204 ; 7
4205 ; 1
4206 ; 1
4207 ; 1
4208 ; 0
4209 ; 1
4210 ; 0
4211 ; 3
4212 ; 1
4213 ; 0
4214 ; 2
4215 ; 7
4216 ; 0
4217 ; 0
4218 ; 1
4219 ; 1
4220 ; 3
4221 ; 4
4222 ; 8
4223 ; 4
4224 ; 0
4225 ; 1
4226 ; 2
4227 ; 1
4228 ; 1
4229 ; 3
4230 ; 2
4231 ; 0
4232 ; 0
4233 ; 2
4234 ; 1
4235 ; 0
4236 ; 0
4237 ; 2
4238 ; 0
4239 ; 0
4240 ; 1
4241 ; 5
4242 ; 0
4243 ; 4
4244 ; 0
4245 ; 3
4246 ; 0
4247 ; 10
4248 ; 0
4249 ; 3
4250 ; 0
4251 ; 933
4252 ; 0
4253 ; 1
4254 ; 1
4255 ; 1
4256 ; 0
4257 ; 0
4258 ; 2
4259 ; 0
4260 ; 3
4261 ; 0
4262 ; 1
4263 ; 0
4264 ; 0
4265 ; 1
4266 ; 1
4267 ; 0
4268 ; 1
4269 ; 6
4270 ; 0
4271 ; 3
4272 ; 0
4273 ; 6
4274 ; 0
4275 ; 0
4276 ; 5
4277 ; 0
4278 ; 0
4279 ; 2
4280 ; 0
4281 ; 0
4282 ; 0
4283 ; 5
4284 ; 0
4285 ; 0
4286 ; 0
4287 ; 0
4288 ; 1
4289 ; 0
4290 ; 0
4291 ; 0
4292 ; 2
4293 ; 2
4294 ; 2
4295 ; 5
4296 ; 1
4297 ; 0
4298 ; 0
4299 ; 0
4300 ; 1
4301 ; 4
4302 ; 0
4303 ; 1
4304 ; 2
4305 ; 0
4306 ; 2
4307 ; 0
4308 ; 0
4309 ; 2
4310 ; 1
4311 ; 0
4312 ; 0
4313 ; 1
4314 ; 1
4315 ; 2
4316 ; 0
4317 ; 1
4318 ; 6
4319 ; 0
4320 ; 0
4321 ; 0
4322 ; 1
4323 ; 0
4324 ; 1
4325 ; 0
4326 ; 0
4327 ; 1
4328 ; 7
4329 ; 0
4330 ; 2
4331 ; 0
4332 ; 2
4333 ; 0
4334 ; 0
4335 ; 0
4336 ; 0
4337 ; 0
4338 ; 0
4339 ; 2
4340 ; 0
4341 ; 2
4342 ; 0
4343 ; 1
4344 ; 5
4345 ; 0
4346 ; 1
4347 ; 1
4348 ; 1
4349 ; 1
4350 ; 6
4351 ; 2
4352 ; 1
4353 ; 0
4354 ; 1
4355 ; 0
4356 ; 0
4357 ; 1
4358 ; 0
4359 ; 4
4360 ; 1
4361 ; 9
4362 ; 0
4363 ; 11
4364 ; 11
4365 ; 5
4366 ; 2
4367 ; 2
4368 ; 0
4369 ; 0
4370 ; 2
4371 ; 2
4372 ; 0
4373 ; 2
4374 ; 27
4375 ; 1
4376 ; 1
4377 ; 2
4378 ; 0
4379 ; 1
4380 ; 0
4381 ; 1
4382 ; 2
4383 ; 6
4384 ; 3
4385 ; 0
4386 ; 3
4387 ; 0
4388 ; 1
4389 ; 0
4390 ; 1
4391 ; 2
4392 ; 8
4393 ; 2
4394 ; 0
4395 ; 4
4396 ; 2
4397 ; 1
4398 ; 1
4399 ; 1
4400 ; 11
4401 ; 1
4402 ; 0
4403 ; 2
4404 ; 0
4405 ; 1
4406 ; 28
4407 ; 1
4408 ; 3
4409 ; 1
4410 ; 1
4411 ; 0
4412 ; 0
4413 ; 3
4414 ; 16
4415 ; 0
4416 ; 0
4417 ; 14
4418 ; 0
4419 ; 3
4420 ; 1
4421 ; 0
4422 ; 3
4423 ; 6
4424 ; 1
4425 ; 2
4426 ; 0
4427 ; 1
4428 ; 1
4429 ; 1
4430 ; 2
4431 ; 0
4432 ; 1
4433 ; 0
4434 ; 0
4435 ; 12
4436 ; 0
4437 ; 1
4438 ; 3
4439 ; 0
4440 ; 2
4441 ; 1
4442 ; 0
4443 ; 1
4444 ; 1
4445 ; 0
4446 ; 1
4447 ; 0
4448 ; 1
4449 ; 1
4450 ; 1
4451 ; 0
4452 ; 5
4453 ; 0
4454 ; 0
4455 ; 2
4456 ; 1
4457 ; 1
4458 ; 0
4459 ; 2
4460 ; 2
4461 ; 10
4462 ; 1
4463 ; 0
4464 ; 0
4465 ; 0
4466 ; 17
4467 ; 0
4468 ; 0
4469 ; 0
4470 ; 3
4471 ; 3
4472 ; 0
4473 ; 681
4474 ; 0
4475 ; 42
4476 ; 0
4477 ; 0
4478 ; 1
4479 ; 0
4480 ; 17
4481 ; 43
4482 ; 0
4483 ; 0
4484 ; 0
4485 ; 2
4486 ; 0
4487 ; 2
4488 ; 0
4489 ; 0
4490 ; 1
4491 ; 38
4492 ; 2
4493 ; 5
4494 ; 2
4495 ; 1
4496 ; 0
4497 ; 0
4498 ; 3
4499 ; 0
4500 ; 5
4501 ; 2
4502 ; 0
4503 ; 2
4504 ; 1
4505 ; 22
4506 ; 1
4507 ; 2
4508 ; 3
4509 ; 5
4510 ; 2
4511 ; 2
4512 ; 0
4513 ; 0
4514 ; 0
4515 ; 0
4516 ; 1
4517 ; 4
4518 ; 0
4519 ; 0
4520 ; 1
4521 ; 2
4522 ; 6
4523 ; 1
4524 ; 0
4525 ; 0
4526 ; 1
4527 ; 0
4528 ; 0
4529 ; 7
4530 ; 3
4531 ; 1
4532 ; 2
4533 ; 0
4534 ; 1
4535 ; 0
4536 ; 0
4537 ; 5
4538 ; 0
4539 ; 56
4540 ; 0
4541 ; 4
4542 ; 0
4543 ; 0
4544 ; 1
4545 ; 0
4546 ; 0
4547 ; 2
4548 ; 0
4549 ; 2
4550 ; 2
4551 ; 0
4552 ; 1
4553 ; 0
4554 ; 0
4555 ; 15
4556 ; 0
4557 ; 0
4558 ; 2
4559 ; 0
4560 ; 0
4561 ; 0
4562 ; 0
4563 ; 1
4564 ; 0
4565 ; 1
4566 ; 1
4567 ; 0
4568 ; 2
4569 ; 2
4570 ; 1
4571 ; 0
4572 ; 0
4573 ; 2
4574 ; 1
4575 ; 0
4576 ; 0
4577 ; 1
4578 ; 2
4579 ; 0
4580 ; 1
4581 ; 2
4582 ; 1
4583 ; 3
4584 ; 0
4585 ; 1
4586 ; 3
4587 ; 0
4588 ; 72
4589 ; 6
4590 ; 0
4591 ; 1
4592 ; 161
4593 ; 1
4594 ; 0
4595 ; 0
4596 ; 0
4597 ; 1
4598 ; 2
4599 ; 0
4600 ; 19
4601 ; 0
4602 ; 1
4603 ; 0
4604 ; 1
4605 ; 6
4606 ; 20
4607 ; 0
4608 ; 1
4609 ; 1
4610 ; 0
4611 ; 2
4612 ; 0
4613 ; 0
4614 ; 2
4615 ; 1
4616 ; 0
4617 ; 0
4618 ; 0
4619 ; 12
4620 ; 2
4621 ; 4
4622 ; 0
4623 ; 0
4624 ; 0
4625 ; 0
4626 ; 0
4627 ; 0
4628 ; 1
4629 ; 3
4630 ; 1
4631 ; 0
4632 ; 2
4633 ; 1
4634 ; 3
4635 ; 4
4636 ; 0
4637 ; 0
4638 ; 1
4639 ; 13
4640 ; 0
4641 ; 0
4642 ; 0
4643 ; 1
4644 ; 1
4645 ; 0
4646 ; 1
4647 ; 0
4648 ; 1
4649 ; 1
4650 ; 1
4651 ; 1
4652 ; 0
4653 ; 0
4654 ; 0
4655 ; 1
4656 ; 0
4657 ; 0
4658 ; 1
4659 ; 0
4660 ; 2
4661 ; 0
4662 ; 3
4663 ; 1
4664 ; 2
4665 ; 0
4666 ; 2
4667 ; 1
4668 ; 0
4669 ; 0
4670 ; 5
4671 ; 3
4672 ; 0
4673 ; 0
4674 ; 0
4675 ; 0
4676 ; 0
4677 ; 0
4678 ; 2
4679 ; 0
4680 ; 0
4681 ; 1
4682 ; 2
4683 ; 0
4684 ; 1
4685 ; 1
4686 ; 1
4687 ; 65
4688 ; 1
4689 ; 2
4690 ; 2
4691 ; 2
4692 ; 0
4693 ; 0
4694 ; 0
4695 ; 2
4696 ; 1
4697 ; 0
4698 ; 0
4699 ; 2
4700 ; 2
4701 ; 0
4702 ; 0
4703 ; 70
4704 ; 0
4705 ; 2
4706 ; 0
4707 ; 0
4708 ; 0
4709 ; 2
4710 ; 0
4711 ; 0
4712 ; 3
4713 ; 3
4714 ; 43
4715 ; 6
4716 ; 1
4717 ; 56
4718 ; 0
4719 ; 4
4720 ; 0
4721 ; 0
4722 ; 1
4723 ; 1
4724 ; 1
4725 ; 1
4726 ; 5
4727 ; 0
4728 ; 4
4729 ; 1
4730 ; 1
4731 ; 0
4732 ; 1
4733 ; 0
4734 ; 1
4735 ; 0
4736 ; 2
4737 ; 1
4738 ; 0
4739 ; 0
4740 ; 0
4741 ; 3
4742 ; 1
4743 ; 0
4744 ; 0
4745 ; 0
4746 ; 2
4747 ; 0
4748 ; 1
4749 ; 1
4750 ; 0
4751 ; 0
4752 ; 0
4753 ; 1
4754 ; 1
4755 ; 0
4756 ; 4
4757 ; 0
4758 ; 2
4759 ; 4
4760 ; 0
4761 ; 0
4762 ; 1
4763 ; 1
4764 ; 1
4765 ; 1
4766 ; 0
4767 ; 0
4768 ; 1
4769 ; 4
4770 ; 1
4771 ; 0
4772 ; 0
4773 ; 2
4774 ; 2
4775 ; 0
4776 ; 1
4777 ; 4
4778 ; 0
4779 ; 0
4780 ; 0
4781 ; 2
4782 ; 0
4783 ; 1
4784 ; 0
4785 ; 0
4786 ; 0
4787 ; 0
4788 ; 1
4789 ; 1
4790 ; 1
4791 ; 0
4792 ; 9
4793 ; 2
4794 ; 34
4795 ; 0
4796 ; 5
4797 ; 1
4798 ; 53
4799 ; 1
4800 ; 1
4801 ; 2
4802 ; 0
4803 ; 2
4804 ; 0
4805 ; 1
4806 ; 1
4807 ; 2
4808 ; 0
4809 ; 1
4810 ; 4
4811 ; 5
4812 ; 0
4813 ; 0
4814 ; 0
4815 ; 6
4816 ; 0
4817 ; 1
4818 ; 0
4819 ; 0
4820 ; 1
4821 ; 0
4822 ; 0
4823 ; 0
4824 ; 1
4825 ; 3
4826 ; 0
4827 ; 3
4828 ; 21
4829 ; 3
4830 ; 0
4831 ; 1
4832 ; 4
4833 ; 1
4834 ; 0
4835 ; 1
4836 ; 0
4837 ; 0
4838 ; 3
4839 ; 5
4840 ; 0
4841 ; 0
4842 ; 1
4843 ; 1
4844 ; 1
4845 ; 0
4846 ; 0
4847 ; 0
4848 ; 2
4849 ; 0
4850 ; 1
4851 ; 0
4852 ; 0
4853 ; 0
4854 ; 0
4855 ; 0
4856 ; 0
4857 ; 0
4858 ; 0
4859 ; 4
4860 ; 1
4861 ; 0
4862 ; 0
4863 ; 1
4864 ; 2
4865 ; 0
4866 ; 0
4867 ; 1
4868 ; 1
4869 ; 0
4870 ; 0
4871 ; 2
4872 ; 1
4873 ; 4
4874 ; 0
4875 ; 0
4876 ; 1
4877 ; 0
4878 ; 3
4879 ; 7
4880 ; 1
4881 ; 6
4882 ; 0
4883 ; 1
4884 ; 0
4885 ; 0
4886 ; 0
4887 ; 5
4888 ; 1
4889 ; 0
4890 ; 0
4891 ; 2
4892 ; 1
4893 ; 6
4894 ; 0
4895 ; 2
4896 ; 1
4897 ; 1
4898 ; 0
4899 ; 21
4900 ; 1
4901 ; 0
4902 ; 0
4903 ; 0
4904 ; 1
4905 ; 0
4906 ; 1
4907 ; 1
4908 ; 2
4909 ; 3
4910 ; 2
4911 ; 19
4912 ; 2
4913 ; 0
4914 ; 0
4915 ; 0
4916 ; 0
4917 ; 7
4918 ; 0
4919 ; 24
4920 ; 1
4921 ; 2
4922 ; 0
4923 ; 0
4924 ; 0
4925 ; 1
4926 ; 0
4927 ; 0
4928 ; 0
4929 ; 1
4930 ; 2
4931 ; 2
4932 ; 0
4933 ; 0
4934 ; 2
4935 ; 6
4936 ; 0
4937 ; 0
4938 ; 9
4939 ; 0
4940 ; 0
4941 ; 0
4942 ; 1
4943 ; 0
4944 ; 0
4945 ; 0
4946 ; 1
4947 ; 1
4948 ; 1
4949 ; 1
4950 ; 1
4951 ; 5
4952 ; 0
4953 ; 1
4954 ; 0
4955 ; 0
4956 ; 0
4957 ; 2
4958 ; 1
4959 ; 4
4960 ; 0
4961 ; 0
4962 ; 0
4963 ; 0
4964 ; 0
4965 ; 0
4966 ; 2
4967 ; 0
4968 ; 0
4969 ; 1
4970 ; 0
4971 ; 0
4972 ; 1
4973 ; 1
4974 ; 1
4975 ; 0
4976 ; 0
4977 ; 0
4978 ; 0
4979 ; 0
4980 ; 0
4981 ; 1
4982 ; 1
4983 ; 1
4984 ; 4
4985 ; 1
4986 ; 0
4987 ; 1
4988 ; 2
4989 ; 0
4990 ; 0
4991 ; 1
4992 ; 1
4993 ; 1
4994 ; 3
4995 ; 0
4996 ; 0
4997 ; 1
4998 ; 1
4999 ; 0
5000 ; 0
5001 ; 0
5002 ; 1
5003 ; 0
5004 ; 0
5005 ; 0
5006 ; 0
5007 ; 0
5008 ; 0
5009 ; 0
5010 ; 0
5011 ; 1
5012 ; 0
5013 ; 3
5014 ; 0
5015 ; 6
5016 ; 6
5017 ; 0
5018 ; 4
5019 ; 1
5020 ; 5
5021 ; 38
5022 ; 3
5023 ; 1
5024 ; 1
5025 ; 0
5026 ; 2
5027 ; 0
5028 ; 1
5029 ; 1
5030 ; 0
5031 ; 1
5032 ; 4
5033 ; 0
5034 ; 0
5035 ; 0
5036 ; 2
5037 ; 0
5038 ; 0
5039 ; 1
5040 ; 1
5041 ; 2
5042 ; 4
5043 ; 0
5044 ; 1
5045 ; 0
5046 ; 3
5047 ; 1
5048 ; 3
5049 ; 1
5050 ; 0
5051 ; 0
5052 ; 1
5053 ; 0
5054 ; 0
5055 ; 2
5056 ; 0
5057 ; 1
5058 ; 2
5059 ; 0
5060 ; 0
5061 ; 0
5062 ; 1
5063 ; 0
5064 ; 9
5065 ; 3
5066 ; 0
5067 ; 0
5068 ; 4
5069 ; 1
5070 ; 0
5071 ; 2
5072 ; 2
5073 ; 1
5074 ; 0
5075 ; 29
5076 ; 1
5077 ; 0
5078 ; 0
5079 ; 0
5080 ; 0
5081 ; 0
5082 ; 1
5083 ; 6
5084 ; 13
5085 ; 3
5086 ; 0
5087 ; 0
5088 ; 1
5089 ; 1
5090 ; 0
5091 ; 1
5092 ; 0
5093 ; 4
5094 ; 0
5095 ; 3
5096 ; 0
5097 ; 3
5098 ; 0
5099 ; 1
5100 ; 2
5101 ; 0
5102 ; 1
5103 ; 0
5104 ; 1
5105 ; 0
5106 ; 1
5107 ; 11
5108 ; 0
5109 ; 1
5110 ; 0
5111 ; 1
5112 ; 0
5113 ; 0
5114 ; 0
5115 ; 0
5116 ; 0
5117 ; 0
5118 ; 1
5119 ; 0
5120 ; 0
5121 ; 0
5122 ; 0
5123 ; 0
5124 ; 1
5125 ; 9
5126 ; 0
5127 ; 0
5128 ; 9
5129 ; 0
5130 ; 0
5131 ; 0
5132 ; 0
5133 ; 1
5134 ; 1
5135 ; 0
5136 ; 5
5137 ; 1
5138 ; 0
5139 ; 0
5140 ; 0
5141 ; 0
5142 ; 0
5143 ; 0
5144 ; 1
5145 ; 2
5146 ; 1
5147 ; 0
5148 ; 1
5149 ; 2
5150 ; 0
5151 ; 0
5152 ; 1
5153 ; 1
5154 ; 0
5155 ; 0
5156 ; 1
5157 ; 8
5158 ; 0
5159 ; 0
5160 ; 0
5161 ; 2
5162 ; 3
5163 ; 1
5164 ; 0
5165 ; 1
5166 ; 0
5167 ; 2
5168 ; 0
5169 ; 0
5170 ; 0
5171 ; 0
5172 ; 8
5173 ; 1
5174 ; 0
5175 ; 0
5176 ; 0
5177 ; 1
5178 ; 0
5179 ; 1
5180 ; 3
5181 ; 0
5182 ; 2
5183 ; 2
5184 ; 0
5185 ; 1
5186 ; 1
5187 ; 1
5188 ; 0
5189 ; 0
5190 ; 5
5191 ; 0
5192 ; 0
5193 ; 3
5194 ; 6
5195 ; 0
5196 ; 3
5197 ; 12
5198 ; 2
5199 ; 3
5200 ; 3
5201 ; 2
5202 ; 1
5203 ; 2
5204 ; 1
5205 ; 1
5206 ; 4
5207 ; 0
5208 ; 0
5209 ; 0
5210 ; 0
5211 ; 0
5212 ; 2
5213 ; 0
5214 ; 0
5215 ; 0
5216 ; 0
5217 ; 2
5218 ; 1
5219 ; 1
5220 ; 1
5221 ; 1
5222 ; 0
5223 ; 2
5224 ; 0
5225 ; 3
5226 ; 0
5227 ; 5
5228 ; 1
5229 ; 0
5230 ; 0
5231 ; 0
5232 ; 4
5233 ; 1
5234 ; 0
5235 ; 0
5236 ; 2
5237 ; 0
5238 ; 0
5239 ; 1
5240 ; 14
5241 ; 2
5242 ; 0
5243 ; 2
5244 ; 1
5245 ; 0
5246 ; 2
5247 ; 1
5248 ; 0
5249 ; 1
5250 ; 1
5251 ; 0
5252 ; 2
5253 ; 0
5254 ; 2
5255 ; 1
5256 ; 0
5257 ; 7
5258 ; 0
5259 ; 0
5260 ; 1
5261 ; 1
5262 ; 0
5263 ; 0
5264 ; 0
5265 ; 0
5266 ; 2
5267 ; 1
5268 ; 13
5269 ; 2
5270 ; 0
5271 ; 1
5272 ; 1
5273 ; 0
5274 ; 2
5275 ; 2
5276 ; 1
5277 ; 0
5278 ; 0
5279 ; 4
5280 ; 1
5281 ; 5
5282 ; 0
5283 ; 1
5284 ; 1
5285 ; 1
5286 ; 1
5287 ; 0
5288 ; 0
5289 ; 35
5290 ; 0
5291 ; 1
5292 ; 4
5293 ; 9
5294 ; 2
5295 ; 0
5296 ; 1
5297 ; 1
5298 ; 4
5299 ; 2
5300 ; 1
5301 ; 0
5302 ; 0
5303 ; 0
5304 ; 0
5305 ; 4
5306 ; 0
5307 ; 0
5308 ; 1
5309 ; 0
5310 ; 2
5311 ; 1
5312 ; 0
5313 ; 3
5314 ; 1
5315 ; 2
5316 ; 0
5317 ; 0
5318 ; 0
5319 ; 0
5320 ; 8
5321 ; 1
5322 ; 0
5323 ; 0
5324 ; 1
5325 ; 2
5326 ; 5
5327 ; 4
5328 ; 0
5329 ; 8
5330 ; 0
5331 ; 0
5332 ; 1
5333 ; 9
5334 ; 0
5335 ; 1
5336 ; 1
5337 ; 0
5338 ; 1
5339 ; 0
5340 ; 1
5341 ; 1
5342 ; 0
5343 ; 1
5344 ; 1
5345 ; 0
5346 ; 6
5347 ; 18
5348 ; 1
5349 ; 0
5350 ; 0
5351 ; 0
5352 ; 1
5353 ; 0
5354 ; 1
5355 ; 2
5356 ; 1
5357 ; 0
5358 ; 0
5359 ; 444
5360 ; 5
5361 ; 11
5362 ; 1
5363 ; 0
5364 ; 6
5365 ; 0
5366 ; 0
5367 ; 7
5368 ; 2
5369 ; 0
5370 ; 3
5371 ; 1
5372 ; 3
5373 ; 1
5374 ; 0
5375 ; 1
5376 ; 1
5377 ; 0
5378 ; 0
5379 ; 0
5380 ; 2
5381 ; 1
5382 ; 3
5383 ; 0
5384 ; 0
5385 ; 5
5386 ; 0
5387 ; 4
5388 ; 2
5389 ; 0
5390 ; 0
5391 ; 1
5392 ; 0
5393 ; 7
5394 ; 0
5395 ; 1
5396 ; 0
5397 ; 1
5398 ; 1
5399 ; 1
5400 ; 0
5401 ; 0
5402 ; 217
5403 ; 2
5404 ; 0
5405 ; 3
5406 ; 2
5407 ; 1
5408 ; 0
5409 ; 3
5410 ; 0
5411 ; 0
5412 ; 0
5413 ; 1
5414 ; 2
5415 ; 0
5416 ; 6
5417 ; 1
5418 ; 0
5419 ; 0
5420 ; 4
5421 ; 0
5422 ; 0
5423 ; 1
5424 ; 1
5425 ; 0
5426 ; 3
5427 ; 0
5428 ; 0
5429 ; 0
5430 ; 1
5431 ; 6
5432 ; 0
5433 ; 1
5434 ; 2
5435 ; 0
5436 ; 85
5437 ; 3
5438 ; 1
5439 ; 1
5440 ; 0
5441 ; 4
5442 ; 0
5443 ; 17
5444 ; 1
5445 ; 5
5446 ; 1
5447 ; 1
5448 ; 3
5449 ; 1
5450 ; 1
5451 ; 2
5452 ; 1
5453 ; 0
5454 ; 1
5455 ; 0
5456 ; 0
5457 ; 0
5458 ; 1
5459 ; 0
5460 ; 0
5461 ; 0
5462 ; 0
5463 ; 1
5464 ; 3
5465 ; 0
5466 ; 1
5467 ; 0
5468 ; 0
5469 ; 2
5470 ; 1
5471 ; 11
5472 ; 2
5473 ; 1
5474 ; 1
5475 ; 3
5476 ; 1
5477 ; 9
5478 ; 0
5479 ; 1
5480 ; 2
5481 ; 0
5482 ; 0
5483 ; 0
5484 ; 1
5485 ; 2
5486 ; 0
5487 ; 1
5488 ; 1
5489 ; 0
5490 ; 2
5491 ; 0
5492 ; 0
5493 ; 0
5494 ; 0
5495 ; 1
5496 ; 2
5497 ; 4
5498 ; 1
5499 ; 0
5500 ; 2
5501 ; 1
5502 ; 0
5503 ; 5
5504 ; 0
5505 ; 1
5506 ; 3
5507 ; 1
5508 ; 1
5509 ; 0
5510 ; 1
5511 ; 4
5512 ; 2
5513 ; 1
5514 ; 0
5515 ; 0
5516 ; 0
5517 ; 3
5518 ; 0
5519 ; 1
5520 ; 1
5521 ; 2
5522 ; 0
5523 ; 1
5524 ; 4
5525 ; 2
5526 ; 0
5527 ; 14
5528 ; 1
5529 ; 1
5530 ; 0
5531 ; 0
5532 ; 0
5533 ; 0
5534 ; 2
5535 ; 4
5536 ; 2
5537 ; 0
5538 ; 0
5539 ; 7
5540 ; 0
5541 ; 0
5542 ; 3
5543 ; 0
5544 ; 1
5545 ; 1
5546 ; 0
5547 ; 0
5548 ; 1
5549 ; 0
5550 ; 1
5551 ; 2
5552 ; 0
5553 ; 0
5554 ; 0
5555 ; 0
5556 ; 0
5557 ; 1
5558 ; 1
5559 ; 0
5560 ; 0
5561 ; 2
5562 ; 1
5563 ; 0
5564 ; 0
5565 ; 1
5566 ; 5
5567 ; 0
5568 ; 0
5569 ; 0
5570 ; 0
5571 ; 35
5572 ; 1
5573 ; 2
5574 ; 1
5575 ; 5
5576 ; 2
5577 ; 0
5578 ; 16
5579 ; 1
5580 ; 0
5581 ; 0
5582 ; 0
5583 ; 11
5584 ; 2
5585 ; 0
5586 ; 0
5587 ; 0
5588 ; 2
5589 ; 2
5590 ; 0
5591 ; 0
5592 ; 2
5593 ; 0
5594 ; 2
5595 ; 0
5596 ; 3
5597 ; 3
5598 ; 1
5599 ; 0
5600 ; 2
5601 ; 0
5602 ; 0
5603 ; 0
5604 ; 6
5605 ; 1
5606 ; 8
5607 ; 0
5608 ; 0
5609 ; 1
5610 ; 0
5611 ; 0
5612 ; 0
5613 ; 15
5614 ; 1
5615 ; 1
5616 ; 19
5617 ; 0
5618 ; 0
5619 ; 3
5620 ; 2
5621 ; 1
5622 ; 0
5623 ; 2
5624 ; 5
5625 ; 0
5626 ; 0
5627 ; 0
5628 ; 1
5629 ; 1
5630 ; 5
5631 ; 1
5632 ; 108
5633 ; 0
5634 ; 1
5635 ; 4
5636 ; 14
5637 ; 0
5638 ; 1
5639 ; 0
5640 ; 0
5641 ; 3
5642 ; 0
5643 ; 1
5644 ; 0
5645 ; 0
5646 ; 0
5647 ; 0
5648 ; 2
5649 ; 0
5650 ; 0
5651 ; 0
5652 ; 1
5653 ; 4
5654 ; 1
5655 ; 0
5656 ; 1
5657 ; 1
5658 ; 4
5659 ; 1
5660 ; 4
5661 ; 0
5662 ; 1
5663 ; 0
5664 ; 3
5665 ; 0
5666 ; 0
5667 ; 2
5668 ; 0
5669 ; 0
5670 ; 32
5671 ; 0
5672 ; 0
5673 ; 2
5674 ; 0
5675 ; 0
5676 ; 0
5677 ; 2
5678 ; 1
5679 ; 0
5680 ; 0
5681 ; 1
5682 ; 1
5683 ; 0
5684 ; 0
5685 ; 0
5686 ; 2
5687 ; 2
5688 ; 0
5689 ; 0
5690 ; 0
5691 ; 1
5692 ; 1
5693 ; 0
5694 ; 5
5695 ; 1
5696 ; 4
5697 ; 3
5698 ; 2
5699 ; 0
5700 ; 0
5701 ; 0
5702 ; 0
5703 ; 0
5704 ; 0
5705 ; 0
5706 ; 1
5707 ; 2
5708 ; 0
5709 ; 0
5710 ; 0
5711 ; 84
5712 ; 0
5713 ; 0
5714 ; 1
5715 ; 2
5716 ; 0
5717 ; 27
5718 ; 0
5719 ; 4
5720 ; 2
5721 ; 0
5722 ; 0
5723 ; 1
5724 ; 0
5725 ; 0
5726 ; 11
5727 ; 2
5728 ; 1
5729 ; 1
5730 ; 0
5731 ; 10
5732 ; 0
5733 ; 0
5734 ; 1
5735 ; 2
5736 ; 1
5737 ; 0
5738 ; 1
5739 ; 0
5740 ; 1
5741 ; 2
5742 ; 0
5743 ; 2
5744 ; 0
5745 ; 0
5746 ; 0
5747 ; 0
5748 ; 2
5749 ; 0
5750 ; 1
5751 ; 1
5752 ; 1
5753 ; 0
5754 ; 1
5755 ; 0
5756 ; 0
5757 ; 4
5758 ; 2
5759 ; 1
5760 ; 0
5761 ; 2
5762 ; 1
5763 ; 1
5764 ; 1
5765 ; 0
5766 ; 0
5767 ; 0
5768 ; 2
5769 ; 0
5770 ; 0
5771 ; 0
5772 ; 1
5773 ; 13
5774 ; 2
5775 ; 2
5776 ; 0
5777 ; 0
5778 ; 54
5779 ; 3
5780 ; 0
5781 ; 2
5782 ; 0
5783 ; 30
5784 ; 1
5785 ; 0
5786 ; 0
5787 ; 1
5788 ; 0
5789 ; 1
5790 ; 3
5791 ; 5
5792 ; 1
5793 ; 68
5794 ; 36
5795 ; 9
5796 ; 8
5797 ; 0
5798 ; 0
5799 ; 3
5800 ; 1
5801 ; 1
5802 ; 1
5803 ; 2
5804 ; 2
5805 ; 0
5806 ; 1
5807 ; 2
5808 ; 9
5809 ; 1
5810 ; 17
5811 ; 0
5812 ; 0
5813 ; 15
5814 ; 3
5815 ; 5
5816 ; 0
5817 ; 1
5818 ; 0
5819 ; 0
5820 ; 0
5821 ; 1
5822 ; 1
5823 ; 0
5824 ; 0
5825 ; 0
5826 ; 3
5827 ; 0
5828 ; 4
5829 ; 1
5830 ; 1
5831 ; 1
5832 ; 0
5833 ; 0
5834 ; 3
5835 ; 6
5836 ; 0
5837 ; 0
5838 ; 0
5839 ; 0
5840 ; 1
5841 ; 0
5842 ; 1
5843 ; 0
5844 ; 0
5845 ; 0
5846 ; 0
5847 ; 0
5848 ; 1
5849 ; 0
5850 ; 1
5851 ; 1
5852 ; 3
5853 ; 1
5854 ; 1
5855 ; 0
5856 ; 0
5857 ; 0
5858 ; 0
5859 ; 0
5860 ; 0
5861 ; 0
5862 ; 0
5863 ; 1
5864 ; 3
5865 ; 0
5866 ; 0
5867 ; 0
5868 ; 0
5869 ; 1
5870 ; 0
5871 ; 0
5872 ; 0
5873 ; 1
5874 ; 0
5875 ; 3
5876 ; 0
5877 ; 1
5878 ; 2
5879 ; 4
5880 ; 1
5881 ; 0
5882 ; 0
5883 ; 2
5884 ; 0
5885 ; 4
5886 ; 0
5887 ; 4
5888 ; 0
5889 ; 1
5890 ; 0
5891 ; 1
5892 ; 1
5893 ; 0
5894 ; 121
5895 ; 0
5896 ; 0
5897 ; 4
5898 ; 10
5899 ; 1
5900 ; 0
5901 ; 0
5902 ; 1
5903 ; 0
5904 ; 62
5905 ; 5
5906 ; 5
5907 ; 0
5908 ; 2
5909 ; 3
5910 ; 1
5911 ; 1
5912 ; 0
5913 ; 0
5914 ; 0
5915 ; 3
5916 ; 1
5917 ; 0
5918 ; 0
5919 ; 0
5920 ; 0
5921 ; 4
5922 ; 2
5923 ; 1
5924 ; 0
5925 ; 18
5926 ; 1
5927 ; 0
5928 ; 0
5929 ; 0
5930 ; 0
5931 ; 0
5932 ; 6
5933 ; 1
5934 ; 1
5935 ; 1
5936 ; 1
5937 ; 9
5938 ; 1
5939 ; 0
5940 ; 2
5941 ; 5
5942 ; 4
5943 ; 0
5944 ; 1
5945 ; 2
5946 ; 0
5947 ; 0
5948 ; 0
5949 ; 1
5950 ; 0
5951 ; 3
5952 ; 0
5953 ; 9
5954 ; 0
5955 ; 3
5956 ; 1
5957 ; 0
5958 ; 2
5959 ; 2
5960 ; 0
5961 ; 1
5962 ; 0
5963 ; 0
5964 ; 3
5965 ; 1
5966 ; 0
5967 ; 0
5968 ; 3
5969 ; 0
5970 ; 0
5971 ; 2
5972 ; 8
5973 ; 2
5974 ; 2
5975 ; 6
5976 ; 1
5977 ; 3
5978 ; 0
5979 ; 0
5980 ; 10
5981 ; 7
5982 ; 37
5983 ; 27
5984 ; 0
5985 ; 0
5986 ; 3
5987 ; 0
5988 ; 4
5989 ; 0
5990 ; 8
5991 ; 67
5992 ; 0
5993 ; 36
5994 ; 1
5995 ; 0
5996 ; 3
5997 ; 0
5998 ; 1
5999 ; 0
6000 ; 1
6001 ; 6
6002 ; 5
6003 ; 0
6004 ; 0
6005 ; 0
6006 ; 3
6007 ; 29
6008 ; 15
6009 ; 1
6010 ; 61
6011 ; 3
6012 ; 1
6013 ; 2
6014 ; 1
6015 ; 1
6016 ; 2
6017 ; 0
6018 ; 1
6019 ; 5
6020 ; 14
6021 ; 3
6022 ; 1
6023 ; 2
6024 ; 5
6025 ; 1
6026 ; 4
6027 ; 0
6028 ; 0
6029 ; 1
6030 ; 1
6031 ; 1
6032 ; 8
6033 ; 0
6034 ; 0
6035 ; 1
6036 ; 1
6037 ; 0
6038 ; 7
6039 ; 1
6040 ; 0
6041 ; 3
6042 ; 1
6043 ; 1
6044 ; 1
6045 ; 3
6046 ; 0
6047 ; 0
6048 ; 0
6049 ; 1
6050 ; 2
6051 ; 0
6052 ; 8
6053 ; 2
6054 ; 11
6055 ; 0
6056 ; 1
6057 ; 0
6058 ; 1
6059 ; 0
6060 ; 0
6061 ; 1
6062 ; 0
6063 ; 0
6064 ; 1
6065 ; 0
6066 ; 0
6067 ; 1
6068 ; 0
6069 ; 1
6070 ; 0
6071 ; 1
6072 ; 1
6073 ; 0
6074 ; 0
6075 ; 0
6076 ; 0
6077 ; 1
6078 ; 3
6079 ; 1
6080 ; 0
6081 ; 0
6082 ; 0
6083 ; 2
6084 ; 0
6085 ; 1
6086 ; 0
6087 ; 0
6088 ; 0
6089 ; 1
6090 ; 3
6091 ; 0
6092 ; 43
6093 ; 1
6094 ; 0
6095 ; 1
6096 ; 0
6097 ; 2
6098 ; 0
6099 ; 0
6100 ; 0
6101 ; 0
6102 ; 3
6103 ; 44
6104 ; 4
6105 ; 13
6106 ; 2
6107 ; 0
6108 ; 1
6109 ; 0
6110 ; 0
6111 ; 3
6112 ; 0
6113 ; 1
6114 ; 0
6115 ; 17
6116 ; 0
6117 ; 17
6118 ; 1
6119 ; 0
6120 ; 0
6121 ; 0
6122 ; 0
6123 ; 2
6124 ; 0
6125 ; 0
6126 ; 1
6127 ; 2
6128 ; 0
6129 ; 9
6130 ; 1
6131 ; 0
6132 ; 0
6133 ; 2
6134 ; 6
6135 ; 1
6136 ; 0
6137 ; 1
6138 ; 8
6139 ; 0
6140 ; 1
6141 ; 0
6142 ; 1
6143 ; 4
6144 ; 0
6145 ; 0
6146 ; 0
6147 ; 0
6148 ; 1
6149 ; 0
6150 ; 0
6151 ; 0
6152 ; 0
6153 ; 1
6154 ; 0
6155 ; 0
6156 ; 0
6157 ; 1
6158 ; 4
6159 ; 2
6160 ; 1
6161 ; 5
6162 ; 1
6163 ; 0
6164 ; 0
6165 ; 1
6166 ; 1
6167 ; 0
6168 ; 0
6169 ; 0
6170 ; 2
6171 ; 0
6172 ; 0
6173 ; 2
6174 ; 0
6175 ; 1
6176 ; 1
6177 ; 1
6178 ; 0
6179 ; 3
6180 ; 1
6181 ; 1
6182 ; 0
6183 ; 0
6184 ; 5
6185 ; 1
6186 ; 4
6187 ; 28
6188 ; 2
6189 ; 1
6190 ; 1
6191 ; 0
6192 ; 0
6193 ; 0
6194 ; 1
6195 ; 0
6196 ; 0
6197 ; 0
6198 ; 1
6199 ; 0
6200 ; 1
6201 ; 1
6202 ; 0
6203 ; 1
6204 ; 0
6205 ; 0
6206 ; 7
6207 ; 0
6208 ; 0
6209 ; 0
6210 ; 0
6211 ; 2
6212 ; 0
6213 ; 0
6214 ; 2
6215 ; 0
6216 ; 0
6217 ; 0
6218 ; 10
6219 ; 4
6220 ; 1
6221 ; 0
6222 ; 0
6223 ; 1
6224 ; 4
6225 ; 0
6226 ; 0
6227 ; 1
6228 ; 5
6229 ; 0
6230 ; 0
6231 ; 0
6232 ; 11
6233 ; 0
6234 ; 1
6235 ; 3
6236 ; 0
6237 ; 1
6238 ; 0
6239 ; 1
6240 ; 2
6241 ; 1
6242 ; 0
6243 ; 1
6244 ; 0
6245 ; 5
6246 ; 6
6247 ; 0
6248 ; 2
6249 ; 4
6250 ; 0
6251 ; 2
6252 ; 1
6253 ; 1
6254 ; 4
6255 ; 0
6256 ; 1
6257 ; 0
6258 ; 0
6259 ; 1
6260 ; 5
6261 ; 2
6262 ; 1
6263 ; 0
6264 ; 0
6265 ; 0
6266 ; 0
6267 ; 0
6268 ; 1
6269 ; 0
6270 ; 1
6271 ; 0
6272 ; 0
6273 ; 4
6274 ; 3
6275 ; 1
6276 ; 0
6277 ; 0
6278 ; 1
6279 ; 0
6280 ; 2
6281 ; 0
6282 ; 53
6283 ; 0
6284 ; 1
6285 ; 7
6286 ; 0
6287 ; 0
6288 ; 0
6289 ; 1
6290 ; 0
6291 ; 0
6292 ; 0
6293 ; 1
6294 ; 0
6295 ; 1
6296 ; 1
6297 ; 1
6298 ; 0
6299 ; 1
6300 ; 0
6301 ; 3
6302 ; 1
6303 ; 0
6304 ; 0
6305 ; 0
6306 ; 1
6307 ; 2
6308 ; 0
6309 ; 0
6310 ; 1
6311 ; 2
6312 ; 0
6313 ; 1
6314 ; 3
6315 ; 10
6316 ; 0
6317 ; 1
6318 ; 0
6319 ; 0
6320 ; 18
6321 ; 2
6322 ; 5
6323 ; 0
6324 ; 4
6325 ; 0
6326 ; 1
6327 ; 0
6328 ; 10
6329 ; 0
6330 ; 2
6331 ; 0
6332 ; 0
6333 ; 1
6334 ; 7
6335 ; 6
6336 ; 11
6337 ; 0
6338 ; 1
6339 ; 0
6340 ; 1
6341 ; 1
6342 ; 0
6343 ; 1
6344 ; 0
6345 ; 1
6346 ; 1
6347 ; 0
6348 ; 10
6349 ; 0
6350 ; 1
6351 ; 0
6352 ; 0
6353 ; 1
6354 ; 0
6355 ; 1
6356 ; 0
6357 ; 0
6358 ; 1
6359 ; 0
6360 ; 0
6361 ; 1
6362 ; 3
6363 ; 0
6364 ; 0
6365 ; 0
6366 ; 0
6367 ; 0
6368 ; 4
6369 ; 0
6370 ; 3
6371 ; 3
6372 ; 3
6373 ; 1
6374 ; 1
6375 ; 2
6376 ; 0
6377 ; 1
6378 ; 0
6379 ; 0
6380 ; 0
6381 ; 0
6382 ; 1
6383 ; 2
6384 ; 0
6385 ; 1
6386 ; 0
6387 ; 0
6388 ; 1
6389 ; 0
6390 ; 0
6391 ; 2
6392 ; 0
6393 ; 1
6394 ; 1
6395 ; 4
6396 ; 0
6397 ; 0
6398 ; 0
6399 ; 0
6400 ; 0
6401 ; 10
6402 ; 0
6403 ; 0
6404 ; 0
6405 ; 0
6406 ; 0
6407 ; 4
6408 ; 0
6409 ; 0
6410 ; 1
6411 ; 1
6412 ; 2
6413 ; 0
6414 ; 1
6415 ; 1
6416 ; 1
6417 ; 1
6418 ; 0
6419 ; 2
6420 ; 1
6421 ; 2
6422 ; 3
6423 ; 2
6424 ; 0
6425 ; 1
6426 ; 13
6427 ; 3
6428 ; 1
6429 ; 4
6430 ; 1
6431 ; 0
6432 ; 0
6433 ; 2
6434 ; 0
6435 ; 0
6436 ; 1
6437 ; 4
6438 ; 26
6439 ; 34
6440 ; 1
6441 ; 0
6442 ; 0
6443 ; 1
6444 ; 0
6445 ; 1
6446 ; 1
6447 ; 0
6448 ; 0
6449 ; 1
6450 ; 0
6451 ; 0
6452 ; 5
6453 ; 1
6454 ; 0
6455 ; 0
6456 ; 0
6457 ; 1
6458 ; 0
6459 ; 1
6460 ; 0
6461 ; 0
6462 ; 8
6463 ; 0
6464 ; 1
6465 ; 0
6466 ; 0
6467 ; 0
6468 ; 17
6469 ; 1
6470 ; 1
6471 ; 1
6472 ; 0
6473 ; 0
6474 ; 1
6475 ; 0
6476 ; 0
6477 ; 1
6478 ; 1
6479 ; 1
6480 ; 0
6481 ; 1
6482 ; 0
6483 ; 3
6484 ; 1
6485 ; 0
6486 ; 1
6487 ; 3
6488 ; 0
6489 ; 1
6490 ; 0
6491 ; 1
6492 ; 1
6493 ; 0
6494 ; 4
6495 ; 0
6496 ; 2
6497 ; 3
6498 ; 1
6499 ; 0
6500 ; 5
6501 ; 2
6502 ; 1
6503 ; 1
6504 ; 0
6505 ; 0
6506 ; 0
6507 ; 1
6508 ; 2
6509 ; 0
6510 ; 13
6511 ; 2
6512 ; 0
6513 ; 1
6514 ; 1
6515 ; 1
6516 ; 5
6517 ; 1
6518 ; 0
6519 ; 0
6520 ; 2
6521 ; 60
6522 ; 3
6523 ; 2
6524 ; 0
6525 ; 0
6526 ; 0
6527 ; 0
6528 ; 1
6529 ; 0
6530 ; 4
6531 ; 0
6532 ; 0
6533 ; 4
6534 ; 0
6535 ; 0
6536 ; 0
6537 ; 4
6538 ; 5
6539 ; 1
6540 ; 0
6541 ; 0
6542 ; 0
6543 ; 0
6544 ; 0
6545 ; 0
6546 ; 22
6547 ; 1
6548 ; 0
6549 ; 0
6550 ; 21
6551 ; 1
6552 ; 0
6553 ; 1
6554 ; 0
6555 ; 1
6556 ; 1
6557 ; 1
6558 ; 0
6559 ; 0
6560 ; 0
6561 ; 0
6562 ; 1
6563 ; 4
6564 ; 0
6565 ; 1
6566 ; 5
6567 ; 4
6568 ; 0
6569 ; 4
6570 ; 0
6571 ; 1
6572 ; 2
6573 ; 0
6574 ; 1
6575 ; 0
6576 ; 4
6577 ; 1
6578 ; 1
6579 ; 2
6580 ; 0
6581 ; 1
6582 ; 0
6583 ; 0
6584 ; 0
6585 ; 0
6586 ; 0
6587 ; 3
6588 ; 2
6589 ; 0
6590 ; 0
6591 ; 3
6592 ; 0
6593 ; 0
6594 ; 0
6595 ; 0
6596 ; 1
6597 ; 2
6598 ; 1
6599 ; 0
6600 ; 2
6601 ; 0
6602 ; 3
6603 ; 0
6604 ; 1
6605 ; 2
6606 ; 2
6607 ; 0
6608 ; 0
6609 ; 0
6610 ; 1
6611 ; 2
6612 ; 2
6613 ; 0
6614 ; 1
6615 ; 0
6616 ; 0
6617 ; 0
6618 ; 2
6619 ; 2
6620 ; 0
6621 ; 0
6622 ; 3
6623 ; 0
6624 ; 1
6625 ; 3
6626 ; 0
6627 ; 2
6628 ; 1
6629 ; 1
6630 ; 1
6631 ; 1
6632 ; 1
6633 ; 2
6634 ; 1
6635 ; 0
6636 ; 1
6637 ; 0
6638 ; 2
6639 ; 0
6640 ; 0
6641 ; 1
6642 ; 5
6643 ; 2
6644 ; 1
6645 ; 0
6646 ; 0
6647 ; 1
6648 ; 0
6649 ; 3
6650 ; 0
6651 ; 0
6652 ; 0
6653 ; 1
6654 ; 0
6655 ; 1
6656 ; 1
6657 ; 1
6658 ; 1
6659 ; 1
6660 ; 2
6661 ; 1
6662 ; 0
6663 ; 1
6664 ; 0
6665 ; 0
6666 ; 0
6667 ; 0
6668 ; 0
6669 ; 9
6670 ; 1
6671 ; 2
6672 ; 1
6673 ; 2
6674 ; 1
6675 ; 1
6676 ; 0
6677 ; 0
6678 ; 0
6679 ; 2
6680 ; 0
6681 ; 2
6682 ; 1
6683 ; 0
6684 ; 0
6685 ; 2
6686 ; 13
6687 ; 3
6688 ; 0
6689 ; 1
6690 ; 0
6691 ; 13
6692 ; 5
6693 ; 0
6694 ; 0
6695 ; 0
6696 ; 0
6697 ; 0
6698 ; 2
6699 ; 0
6700 ; 1
6701 ; 0
6702 ; 0
6703 ; 0
6704 ; 0
6705 ; 0
6706 ; 1
6707 ; 1
6708 ; 6
6709 ; 0
6710 ; 0
6711 ; 0
6712 ; 2
6713 ; 0
6714 ; 0
6715 ; 0
6716 ; 0
6717 ; 1
6718 ; 0
6719 ; 0
6720 ; 0
6721 ; 0
6722 ; 1
6723 ; 1
6724 ; 4
6725 ; 1
6726 ; 1
6727 ; 0
6728 ; 0
6729 ; 2
6730 ; 0
6731 ; 0
6732 ; 0
6733 ; 0
6734 ; 21
6735 ; 2
6736 ; 2
6737 ; 0
6738 ; 1
6739 ; 0
6740 ; 0
6741 ; 0
6742 ; 0
6743 ; 0
6744 ; 0
6745 ; 0
6746 ; 2
6747 ; 1
6748 ; 0
6749 ; 1
6750 ; 7
6751 ; 4
6752 ; 0
6753 ; 2
6754 ; 3
6755 ; 0
6756 ; 4
6757 ; 1
6758 ; 0
6759 ; 2
6760 ; 4
6761 ; 5
6762 ; 0
6763 ; 2
6764 ; 6
6765 ; 0
6766 ; 1
6767 ; 0
6768 ; 0
6769 ; 1
6770 ; 2
6771 ; 0
6772 ; 0
6773 ; 0
6774 ; 1
6775 ; 6
6776 ; 2
6777 ; 6
6778 ; 0
6779 ; 2
6780 ; 1
6781 ; 1
6782 ; 0
6783 ; 0
6784 ; 1
6785 ; 0
6786 ; 5
6787 ; 1
6788 ; 0
6789 ; 4
6790 ; 8
6791 ; 0
6792 ; 0
6793 ; 42
6794 ; 2
6795 ; 1
6796 ; 0
6797 ; 1
6798 ; 1
6799 ; 4
6800 ; 1
6801 ; 0
6802 ; 0
6803 ; 0
6804 ; 2
6805 ; 2
6806 ; 0
6807 ; 1
6808 ; 0
6809 ; 5
6810 ; 3
6811 ; 2
6812 ; 0
6813 ; 5
6814 ; 0
6815 ; 2
6816 ; 0
6817 ; 0
6818 ; 2
6819 ; 2
6820 ; 0
6821 ; 0
6822 ; 0
6823 ; 1
6824 ; 13
6825 ; 0
6826 ; 1
6827 ; 0
6828 ; 2
6829 ; 0
6830 ; 2
6831 ; 1
6832 ; 2
6833 ; 0
6834 ; 2
6835 ; 1
6836 ; 0
6837 ; 0
6838 ; 0
6839 ; 0
6840 ; 0
6841 ; 0
6842 ; 0
6843 ; 1
6844 ; 0
6845 ; 0
6846 ; 1
6847 ; 0
6848 ; 0
6849 ; 0
6850 ; 1
6851 ; 1
6852 ; 3
6853 ; 6
6854 ; 1
6855 ; 2
6856 ; 1
6857 ; 0
6858 ; 4
6859 ; 1
6860 ; 1
6861 ; 1
6862 ; 1
6863 ; 0
6864 ; 0
6865 ; 7
6866 ; 19
6867 ; 1
6868 ; 1
6869 ; 0
6870 ; 2
6871 ; 0
6872 ; 4
6873 ; 1
6874 ; 0
6875 ; 3
6876 ; 0
6877 ; 1
6878 ; 1
6879 ; 0
6880 ; 1
6881 ; 6
6882 ; 0
6883 ; 1
6884 ; 2
6885 ; 1
6886 ; 1
6887 ; 1
6888 ; 3
6889 ; 1
6890 ; 0
6891 ; 0
6892 ; 8
6893 ; 0
6894 ; 0
6895 ; 0
6896 ; 259
6897 ; 1
6898 ; 2
6899 ; 1
6900 ; 1
6901 ; 8
6902 ; 2
6903 ; 0
6904 ; 0
6905 ; 3
6906 ; 0
6907 ; 0
6908 ; 0
6909 ; 1
6910 ; 2
6911 ; 2
6912 ; 7
6913 ; 0
6914 ; 0
6915 ; 1
6916 ; 0
6917 ; 2
6918 ; 1
6919 ; 0
6920 ; 0
6921 ; 0
6922 ; 6
6923 ; 1
6924 ; 2
6925 ; 0
6926 ; 2
6927 ; 1
6928 ; 0
6929 ; 0
6930 ; 1
6931 ; 2
6932 ; 56
6933 ; 8
6934 ; 0
6935 ; 0
6936 ; 0
6937 ; 1
6938 ; 1
6939 ; 1
6940 ; 6
6941 ; 1
6942 ; 2
6943 ; 0
6944 ; 1
6945 ; 0
6946 ; 1
6947 ; 0
6948 ; 0
6949 ; 1
6950 ; 1
6951 ; 0
6952 ; 3
6953 ; 0
6954 ; 0
6955 ; 2
6956 ; 1
6957 ; 0
6958 ; 1
6959 ; 1
6960 ; 10
6961 ; 3
6962 ; 0
6963 ; 1
6964 ; 0
6965 ; 1
6966 ; 27
6967 ; 0
6968 ; 4
6969 ; 0
6970 ; 1
6971 ; 0
6972 ; 2
6973 ; 2
6974 ; 3
6975 ; 1
6976 ; 0
6977 ; 2
6978 ; 4
6979 ; 0
6980 ; 0
6981 ; 0
6982 ; 1
6983 ; 4
6984 ; 0
6985 ; 5
6986 ; 1
6987 ; 3
6988 ; 0
6989 ; 3
6990 ; 0
6991 ; 1
6992 ; 1
6993 ; 1
6994 ; 1
6995 ; 2
6996 ; 2
6997 ; 3
6998 ; 0
6999 ; 0
7000 ; 0
7001 ; 5
7002 ; 0
7003 ; 1
7004 ; 0
7005 ; 3
7006 ; 0
7007 ; 0
7008 ; 1
7009 ; 1
7010 ; 38
7011 ; 2
7012 ; 1
7013 ; 1
7014 ; 4
7015 ; 4
7016 ; 1
7017 ; 0
7018 ; 2
7019 ; 0
7020 ; 0
7021 ; 0
7022 ; 0
7023 ; 0
7024 ; 1
7025 ; 1
7026 ; 0
7027 ; 2
7028 ; 2
7029 ; 0
7030 ; 9
7031 ; 0
7032 ; 1
7033 ; 0
7034 ; 2
7035 ; 10
7036 ; 0
7037 ; 0
7038 ; 3
7039 ; 0
7040 ; 0
7041 ; 1
7042 ; 2
7043 ; 0
7044 ; 1
7045 ; 0
7046 ; 2
7047 ; 0
7048 ; 2
7049 ; 0
7050 ; 0
7051 ; 2
7052 ; 4
7053 ; 1
7054 ; 2
7055 ; 2
7056 ; 2
7057 ; 0
7058 ; 2
7059 ; 1
7060 ; 17
7061 ; 7
7062 ; 0
7063 ; 1
7064 ; 6
7065 ; 0
7066 ; 0
7067 ; 0
7068 ; 0
7069 ; 1
7070 ; 1
7071 ; 0
7072 ; 0
7073 ; 2
7074 ; 0
7075 ; 0
7076 ; 0
7077 ; 0
7078 ; 0
7079 ; 146
7080 ; 2
7081 ; 1
7082 ; 8
7083 ; 0
7084 ; 0
7085 ; 3
7086 ; 0
7087 ; 2
7088 ; 0
7089 ; 1
7090 ; 21
7091 ; 0
7092 ; 0
7093 ; 0
7094 ; 4
7095 ; 0
7096 ; 0
7097 ; 1
7098 ; 0
7099 ; 1
7100 ; 0
7101 ; 0
7102 ; 3
7103 ; 0
7104 ; 0
7105 ; 1
7106 ; 0
7107 ; 2
7108 ; 13
7109 ; 0
7110 ; 0
7111 ; 2
7112 ; 0
7113 ; 1
7114 ; 1
7115 ; 5
7116 ; 0
7117 ; 0
7118 ; 0
7119 ; 4
7120 ; 1
7121 ; 0
7122 ; 1
7123 ; 0
7124 ; 1
7125 ; 0
7126 ; 0
7127 ; 0
7128 ; 1
7129 ; 0
7130 ; 0
7131 ; 0
7132 ; 0
7133 ; 1
7134 ; 2
7135 ; 0
7136 ; 0
7137 ; 0
7138 ; 0
7139 ; 0
7140 ; 1
7141 ; 2
7142 ; 5
7143 ; 0
7144 ; 1
7145 ; 10
7146 ; 0
7147 ; 3
7148 ; 0
7149 ; 0
7150 ; 3
7151 ; 0
7152 ; 0
7153 ; 0
7154 ; 1
7155 ; 3
7156 ; 0
7157 ; 0
7158 ; 0
7159 ; 1
7160 ; 0
7161 ; 1
7162 ; 0
7163 ; 3
7164 ; 1
7165 ; 0
7166 ; 2
7167 ; 0
7168 ; 1
7169 ; 0
7170 ; 1
7171 ; 0
7172 ; 0
7173 ; 1
7174 ; 0
7175 ; 1
7176 ; 2
7177 ; 2
7178 ; 0
7179 ; 0
7180 ; 0
7181 ; 0
7182 ; 2
7183 ; 0
7184 ; 1
7185 ; 453
7186 ; 0
7187 ; 2
7188 ; 0
7189 ; 0
7190 ; 0
7191 ; 0
7192 ; 4
7193 ; 0
7194 ; 1
7195 ; 1
7196 ; 61
7197 ; 32
7198 ; 1
7199 ; 0
7200 ; 4
7201 ; 0
7202 ; 1
7203 ; 1
7204 ; 2
7205 ; 28
7206 ; 2
7207 ; 11
7208 ; 1
7209 ; 2
7210 ; 100
7211 ; 3
7212 ; 1
7213 ; 4
7214 ; 1
7215 ; 0
7216 ; 0
7217 ; 0
7218 ; 0
7219 ; 1
7220 ; 1
7221 ; 1
7222 ; 1
7223 ; 4
7224 ; 1
7225 ; 16
7226 ; 0
7227 ; 83
7228 ; 1
7229 ; 2
7230 ; 11
7231 ; 1
7232 ; 4
7233 ; 2
7234 ; 0
7235 ; 0
7236 ; 1
7237 ; 6
7238 ; 4
7239 ; 12
7240 ; 5
7241 ; 0
7242 ; 0
7243 ; 1
7244 ; 1
7245 ; 2
7246 ; 0
7247 ; 1
7248 ; 0
7249 ; 1
7250 ; 1
7251 ; 2
7252 ; 1
7253 ; 8
7254 ; 0
7255 ; 1
7256 ; 1
7257 ; 1
7258 ; 0
7259 ; 1
7260 ; 1
7261 ; 1
7262 ; 0
7263 ; 0
7264 ; 0
7265 ; 5
7266 ; 2
7267 ; 2
7268 ; 0
7269 ; 1
7270 ; 0
7271 ; 0
7272 ; 0
7273 ; 0
7274 ; 1
7275 ; 1
7276 ; 0
7277 ; 0
7278 ; 1
7279 ; 0
7280 ; 5
7281 ; 0
7282 ; 0
7283 ; 0
7284 ; 1
7285 ; 4
7286 ; 0
7287 ; 0
7288 ; 0
7289 ; 0
7290 ; 0
7291 ; 0
7292 ; 0
7293 ; 7
7294 ; 5
7295 ; 0
7296 ; 0
7297 ; 0
7298 ; 0
7299 ; 1
7300 ; 44
7301 ; 0
7302 ; 3
7303 ; 1
7304 ; 1
7305 ; 2
7306 ; 2
7307 ; 0
7308 ; 0
7309 ; 1
7310 ; 1
7311 ; 1
7312 ; 0
7313 ; 0
7314 ; 6
7315 ; 0
7316 ; 2
7317 ; 2
7318 ; 1
7319 ; 2
7320 ; 0
7321 ; 2
7322 ; 2
7323 ; 0
7324 ; 1
7325 ; 7
7326 ; 1
7327 ; 0
7328 ; 19
7329 ; 1
7330 ; 1
7331 ; 1
7332 ; 4
7333 ; 3
7334 ; 0
7335 ; 5
7336 ; 3
7337 ; 2
7338 ; 0
7339 ; 0
7340 ; 0
7341 ; 0
7342 ; 4
7343 ; 0
7344 ; 2
7345 ; 0
7346 ; 1
7347 ; 1
7348 ; 2
7349 ; 0
7350 ; 1
7351 ; 0
7352 ; 1
7353 ; 4
7354 ; 1
7355 ; 1
7356 ; 0
7357 ; 1
7358 ; 0
7359 ; 0
7360 ; 0
7361 ; 1
7362 ; 0
7363 ; 0
7364 ; 1
7365 ; 0
7366 ; 6
7367 ; 0
7368 ; 2
7369 ; 0
7370 ; 0
7371 ; 1
7372 ; 2
7373 ; 0
7374 ; 1
7375 ; 0
7376 ; 1
7377 ; 0
7378 ; 1
7379 ; 3
7380 ; 1
7381 ; 0
7382 ; 0
7383 ; 0
7384 ; 1
7385 ; 0
7386 ; 3
7387 ; 0
7388 ; 1
7389 ; 5
7390 ; 0
7391 ; 36
7392 ; 0
7393 ; 1
7394 ; 0
7395 ; 1
7396 ; 0
7397 ; 0
7398 ; 4
7399 ; 0
7400 ; 10
7401 ; 0
7402 ; 0
7403 ; 0
7404 ; 0
7405 ; 5
7406 ; 0
7407 ; 12
7408 ; 1
7409 ; 1
7410 ; 1
7411 ; 0
7412 ; 1
7413 ; 1
7414 ; 5
7415 ; 10
7416 ; 41
7417 ; 1
7418 ; 9
7419 ; 8
7420 ; 1
7421 ; 62
7422 ; 1
7423 ; 1
7424 ; 23
7425 ; 2
7426 ; 0
7427 ; 1
7428 ; 3
7429 ; 3
7430 ; 0
7431 ; 1
7432 ; 0
7433 ; 0
7434 ; 2
7435 ; 1
7436 ; 0
7437 ; 0
7438 ; 2
7439 ; 4
7440 ; 0
7441 ; 1
7442 ; 5
7443 ; 1
7444 ; 3
7445 ; 0
7446 ; 2
7447 ; 61
7448 ; 2
7449 ; 1
7450 ; 1
7451 ; 4
7452 ; 0
7453 ; 0
7454 ; 1
7455 ; 4
7456 ; 2
7457 ; 4
7458 ; 0
7459 ; 1
7460 ; 1
7461 ; 1
7462 ; 3
7463 ; 2
7464 ; 2
7465 ; 0
7466 ; 0
7467 ; 0
7468 ; 0
7469 ; 0
7470 ; 0
7471 ; 1
7472 ; 3
7473 ; 1
7474 ; 8
7475 ; 0
7476 ; 1
7477 ; 1
7478 ; 0
7479 ; 0
7480 ; 2
7481 ; 1
7482 ; 1
7483 ; 0
7484 ; 1
7485 ; 0
7486 ; 1
7487 ; 1
7488 ; 0
7489 ; 0
7490 ; 0
7491 ; 2
7492 ; 2
7493 ; 0
7494 ; 0
7495 ; 2
7496 ; 3
7497 ; 2
7498 ; 0
7499 ; 0
7500 ; 0
7501 ; 0
7502 ; 0
7503 ; 0
7504 ; 6
7505 ; 0
7506 ; 1
7507 ; 0
7508 ; 0
7509 ; 4
7510 ; 2
7511 ; 0
7512 ; 4
7513 ; 0
7514 ; 9
7515 ; 0
7516 ; 4
7517 ; 2
7518 ; 1
7519 ; 3
7520 ; 0
7521 ; 1
7522 ; 10
7523 ; 1
7524 ; 2
7525 ; 15
7526 ; 3
7527 ; 1
7528 ; 9
7529 ; 2
7530 ; 0
7531 ; 0
7532 ; 3
7533 ; 0
7534 ; 1
7535 ; 3
7536 ; 14
7537 ; 1
7538 ; 38
7539 ; 2
7540 ; 0
7541 ; 0
7542 ; 0
7543 ; 2
7544 ; 0
7545 ; 2
7546 ; 81
7547 ; 3
7548 ; 2
7549 ; 2
7550 ; 3
7551 ; 0
7552 ; 0
7553 ; 8
7554 ; 1
7555 ; 5
7556 ; 0
7557 ; 0
7558 ; 0
7559 ; 1
7560 ; 1
7561 ; 0
7562 ; 0
7563 ; 1
7564 ; 0
7565 ; 1
7566 ; 0
7567 ; 3
7568 ; 0
7569 ; 8
7570 ; 6
7571 ; 0
7572 ; 0
7573 ; 0
7574 ; 0
7575 ; 0
7576 ; 3
7577 ; 1
7578 ; 0
7579 ; 0
7580 ; 3
7581 ; 0
7582 ; 1
7583 ; 0
7584 ; 0
7585 ; 0
7586 ; 2
7587 ; 0
7588 ; 0
7589 ; 2
7590 ; 0
7591 ; 0
7592 ; 2
7593 ; 0
7594 ; 1
7595 ; 6
7596 ; 3
7597 ; 0
7598 ; 5
7599 ; 0
7600 ; 0
7601 ; 0
7602 ; 4
7603 ; 0
7604 ; 0
7605 ; 0
7606 ; 2
7607 ; 0
7608 ; 2
7609 ; 0
7610 ; 0
7611 ; 5
7612 ; 1
7613 ; 0
7614 ; 0
7615 ; 0
7616 ; 4
7617 ; 8
7618 ; 0
7619 ; 0
7620 ; 9
7621 ; 0
7622 ; 11
7623 ; 2
7624 ; 2
7625 ; 51
7626 ; 1
7627 ; 0
7628 ; 20
7629 ; 2
7630 ; 1
7631 ; 3
7632 ; 1
7633 ; 6
7634 ; 1
7635 ; 1
7636 ; 0
7637 ; 2
7638 ; 0
7639 ; 0
7640 ; 0
7641 ; 1
7642 ; 1
7643 ; 0
7644 ; 35
7645 ; 22
7646 ; 6
7647 ; 1
7648 ; 1
7649 ; 8
7650 ; 1
7651 ; 0
7652 ; 1
7653 ; 0
7654 ; 0
7655 ; 1
7656 ; 2
7657 ; 3
7658 ; 7
7659 ; 50
7660 ; 0
7661 ; 1
7662 ; 1
7663 ; 3
7664 ; 78
7665 ; 0
7666 ; 0
7667 ; 19
7668 ; 4
7669 ; 1
7670 ; 0
7671 ; 1
7672 ; 3
7673 ; 3
7674 ; 0
7675 ; 2
7676 ; 1
7677 ; 0
7678 ; 1
7679 ; 1
7680 ; 0
7681 ; 0
7682 ; 0
7683 ; 0
7684 ; 0
7685 ; 0
7686 ; 0
7687 ; 0
7688 ; 0
7689 ; 1
7690 ; 0
7691 ; 1
7692 ; 1
7693 ; 0
7694 ; 2
7695 ; 0
7696 ; 2
7697 ; 1
7698 ; 2
7699 ; 0
7700 ; 0
7701 ; 2
7702 ; 0
7703 ; 2
7704 ; 1
7705 ; 2
7706 ; 0
7707 ; 0
7708 ; 1
7709 ; 0
7710 ; 4
7711 ; 0
7712 ; 2
7713 ; 6
7714 ; 1
7715 ; 0
7716 ; 9
7717 ; 3
7718 ; 0
7719 ; 19
7720 ; 1
7721 ; 0
7722 ; 4
7723 ; 2
7724 ; 0
7725 ; 8
7726 ; 2
7727 ; 1
7728 ; 0
7729 ; 0
7730 ; 0
7731 ; 3
7732 ; 1
7733 ; 2
7734 ; 1
7735 ; 2
7736 ; 1
7737 ; 0
7738 ; 1
7739 ; 0
7740 ; 1
7741 ; 0
7742 ; 3
7743 ; 1
7744 ; 0
7745 ; 0
7746 ; 0
7747 ; 10
7748 ; 13
7749 ; 13
7750 ; 6
7751 ; 0
7752 ; 1
7753 ; 0
7754 ; 2
7755 ; 118
7756 ; 0
7757 ; 1
7758 ; 1
7759 ; 1
7760 ; 0
7761 ; 1
7762 ; 1
7763 ; 2
7764 ; 0
7765 ; 0
7766 ; 0
7767 ; 0
7768 ; 0
7769 ; 0
7770 ; 0
7771 ; 3
7772 ; 1
7773 ; 0
7774 ; 1
7775 ; 3
7776 ; 0
7777 ; 0
7778 ; 0
7779 ; 1
7780 ; 3
7781 ; 0
7782 ; 0
7783 ; 0
7784 ; 0
7785 ; 1
7786 ; 0
7787 ; 2
7788 ; 1
7789 ; 1
7790 ; 0
7791 ; 0
7792 ; 0
7793 ; 0
7794 ; 0
7795 ; 2
7796 ; 0
7797 ; 0
7798 ; 0
7799 ; 1
7800 ; 1
7801 ; 0
7802 ; 1
7803 ; 0
7804 ; 0
7805 ; 0
7806 ; 2
7807 ; 0
7808 ; 0
7809 ; 0
7810 ; 1
7811 ; 0
7812 ; 0
7813 ; 2
7814 ; 1
7815 ; 0
7816 ; 0
7817 ; 0
7818 ; 1
7819 ; 1
7820 ; 0
7821 ; 0
7822 ; 3
7823 ; 0
7824 ; 1
7825 ; 0
7826 ; 0
7827 ; 0
7828 ; 1
7829 ; 0
7830 ; 0
7831 ; 5
7832 ; 0
7833 ; 0
7834 ; 4
7835 ; 0
7836 ; 4
7837 ; 0
7838 ; 0
7839 ; 1
7840 ; 0
7841 ; 2
7842 ; 1
7843 ; 0
7844 ; 0
7845 ; 10
7846 ; 2
7847 ; 2
7848 ; 2
7849 ; 1
7850 ; 0
7851 ; 38
7852 ; 1
7853 ; 7
7854 ; 1
7855 ; 0
7856 ; 1
7857 ; 0
7858 ; 0
7859 ; 0
7860 ; 0
7861 ; 0
7862 ; 1
7863 ; 0
7864 ; 1
7865 ; 0
7866 ; 0
7867 ; 0
7868 ; 69
7869 ; 0
7870 ; 0
7871 ; 1
7872 ; 1
7873 ; 1
7874 ; 6
7875 ; 0
7876 ; 3
7877 ; 0
7878 ; 1
7879 ; 0
7880 ; 1
7881 ; 3
7882 ; 0
7883 ; 1
7884 ; 0
7885 ; 1
7886 ; 2
7887 ; 3
7888 ; 18
7889 ; 1
7890 ; 1
7891 ; 1
7892 ; 0
7893 ; 1
7894 ; 5
7895 ; 0
7896 ; 0
7897 ; 0
7898 ; 2
7899 ; 6
7900 ; 17
7901 ; 0
7902 ; 0
7903 ; 0
7904 ; 0
7905 ; 0
7906 ; 0
7907 ; 21
7908 ; 8
7909 ; 0
7910 ; 3
7911 ; 7
7912 ; 1
7913 ; 0
7914 ; 0
7915 ; 1
7916 ; 0
7917 ; 0
7918 ; 0
7919 ; 1
7920 ; 3
7921 ; 1
7922 ; 1
7923 ; 2
7924 ; 0
7925 ; 0
7926 ; 1
7927 ; 3
7928 ; 2
7929 ; 2
7930 ; 1
7931 ; 0
7932 ; 0
7933 ; 2
7934 ; 1
7935 ; 1
7936 ; 0
7937 ; 3
7938 ; 1
7939 ; 1
7940 ; 0
7941 ; 0
7942 ; 1
7943 ; 0
7944 ; 1
7945 ; 0
7946 ; 2
7947 ; 3
7948 ; 0
7949 ; 3
7950 ; 0
7951 ; 0
7952 ; 1
7953 ; 9
7954 ; 0
7955 ; 6
7956 ; 0
7957 ; 2
7958 ; 0
7959 ; 2
7960 ; 1
7961 ; 0
7962 ; 1
7963 ; 0
7964 ; 0
7965 ; 1
7966 ; 0
7967 ; 0
7968 ; 2
7969 ; 2
7970 ; 4
7971 ; 1
7972 ; 0
7973 ; 1
7974 ; 0
7975 ; 0
7976 ; 1
7977 ; 1
7978 ; 0
7979 ; 0
7980 ; 0
7981 ; 0
7982 ; 0
7983 ; 1
7984 ; 2
7985 ; 0
7986 ; 2
7987 ; 1
7988 ; 0
7989 ; 2
7990 ; 0
7991 ; 1
7992 ; 1
7993 ; 4
7994 ; 0
7995 ; 0
7996 ; 3
7997 ; 2
7998 ; 0
7999 ; 1
8000 ; 1
8001 ; 1
8002 ; 10
8003 ; 1
8004 ; 0
8005 ; 2
8006 ; 0
8007 ; 1
8008 ; 0
8009 ; 2
8010 ; 0
8011 ; 1
8012 ; 1
8013 ; 1
8014 ; 0
8015 ; 0
8016 ; 4
8017 ; 0
8018 ; 0
8019 ; 1
8020 ; 3
8021 ; 2
8022 ; 8
8023 ; 0
8024 ; 3
8025 ; 1
8026 ; 1
8027 ; 1
8028 ; 1
8029 ; 4
8030 ; 0
8031 ; 3
8032 ; 1
8033 ; 0
8034 ; 0
8035 ; 0
8036 ; 0
8037 ; 0
8038 ; 0
8039 ; 0
8040 ; 0
8041 ; 0
8042 ; 3
8043 ; 2
8044 ; 0
8045 ; 0
8046 ; 2
8047 ; 0
8048 ; 0
8049 ; 1
8050 ; 1
8051 ; 0
8052 ; 1
8053 ; 0
8054 ; 0
8055 ; 0
8056 ; 1
8057 ; 0
8058 ; 0
8059 ; 0
8060 ; 0
8061 ; 1
8062 ; 2
8063 ; 24
8064 ; 1
8065 ; 0
8066 ; 1
8067 ; 1
8068 ; 0
8069 ; 0
8070 ; 0
8071 ; 3
8072 ; 0
8073 ; 2
8074 ; 0
8075 ; 0
8076 ; 1
8077 ; 0
8078 ; 2
8079 ; 1
8080 ; 1
8081 ; 0
8082 ; 0
8083 ; 0
8084 ; 0
8085 ; 9
8086 ; 1
8087 ; 1
8088 ; 3
8089 ; 1
8090 ; 1
8091 ; 0
8092 ; 1
8093 ; 2
8094 ; 1
8095 ; 3
8096 ; 0
8097 ; 0
8098 ; 2
8099 ; 0
8100 ; 7
8101 ; 6
8102 ; 3
8103 ; 1
8104 ; 1
8105 ; 0
8106 ; 1
8107 ; 0
8108 ; 0
8109 ; 0
8110 ; 0
8111 ; 1
8112 ; 1
8113 ; 3
8114 ; 3
8115 ; 1
8116 ; 1
8117 ; 0
8118 ; 0
8119 ; 1
8120 ; 1
8121 ; 0
8122 ; 0
8123 ; 5
8124 ; 1
8125 ; 1
8126 ; 0
8127 ; 0
8128 ; 1
8129 ; 0
8130 ; 0
8131 ; 0
8132 ; 0
8133 ; 0
8134 ; 0
8135 ; 0
8136 ; 0
8137 ; 2
8138 ; 1
8139 ; 0
8140 ; 5
8141 ; 0
8142 ; 0
8143 ; 0
8144 ; 1
8145 ; 0
8146 ; 2
8147 ; 0
8148 ; 0
8149 ; 1
8150 ; 0
8151 ; 2
8152 ; 11
8153 ; 7
8154 ; 0
8155 ; 4
8156 ; 3
8157 ; 0
8158 ; 0
8159 ; 0
8160 ; 1
8161 ; 0
8162 ; 0
8163 ; 0
8164 ; 0
8165 ; 3
8166 ; 1
8167 ; 8
8168 ; 0
8169 ; 0
8170 ; 0
8171 ; 1
8172 ; 1
8173 ; 1
8174 ; 5
8175 ; 0
8176 ; 0
8177 ; 0
8178 ; 0
8179 ; 46
8180 ; 0
8181 ; 8
8182 ; 3
8183 ; 1
8184 ; 0
8185 ; 0
8186 ; 3
8187 ; 0
8188 ; 4
8189 ; 1
8190 ; 0
8191 ; 3
8192 ; 1
8193 ; 0
8194 ; 1
8195 ; 2
8196 ; 0
8197 ; 1
8198 ; 1
8199 ; 2
8200 ; 0
8201 ; 32
8202 ; 2
8203 ; 1
8204 ; 2
8205 ; 0
8206 ; 22
8207 ; 2
8208 ; 1
8209 ; 1
8210 ; 1
8211 ; 2
8212 ; 1
8213 ; 0
8214 ; 1
8215 ; 0
8216 ; 0
8217 ; 0
8218 ; 2
8219 ; 0
8220 ; 0
8221 ; 1
8222 ; 1
8223 ; 0
8224 ; 1
8225 ; 6
8226 ; 6
8227 ; 2
8228 ; 0
8229 ; 0
8230 ; 2
8231 ; 2
8232 ; 0
8233 ; 0
8234 ; 0
8235 ; 1
8236 ; 0
8237 ; 0
8238 ; 1
8239 ; 0
8240 ; 1
8241 ; 6
8242 ; 2
8243 ; 0
8244 ; 0
8245 ; 1
8246 ; 1
8247 ; 0
8248 ; 0
8249 ; 1
8250 ; 1
8251 ; 3
8252 ; 1
8253 ; 1
8254 ; 0
8255 ; 1
8256 ; 2
8257 ; 0
8258 ; 3
8259 ; 1
8260 ; 0
8261 ; 2
8262 ; 0
8263 ; 0
8264 ; 1
8265 ; 7
8266 ; 0
8267 ; 2
8268 ; 9
8269 ; 1
8270 ; 62
8271 ; 0
8272 ; 1
8273 ; 0
8274 ; 0
8275 ; 0
8276 ; 2
8277 ; 10
8278 ; 0
8279 ; 0
8280 ; 2
8281 ; 1
8282 ; 4
8283 ; 0
8284 ; 0
8285 ; 0
8286 ; 1
8287 ; 88
8288 ; 0
8289 ; 0
8290 ; 0
8291 ; 0
8292 ; 0
8293 ; 0
8294 ; 13
8295 ; 2
8296 ; 0
8297 ; 0
8298 ; 2
8299 ; 58
8300 ; 2
8301 ; 2
8302 ; 0
8303 ; 0
8304 ; 2
8305 ; 0
8306 ; 0
8307 ; 4
8308 ; 0
8309 ; 6
8310 ; 0
8311 ; 1
8312 ; 0
8313 ; 0
8314 ; 6
8315 ; 3
8316 ; 0
8317 ; 0
8318 ; 0
8319 ; 6
8320 ; 1
8321 ; 0
8322 ; 1
8323 ; 0
8324 ; 1
8325 ; 0
8326 ; 1
8327 ; 1
8328 ; 0
8329 ; 2
8330 ; 0
8331 ; 0
8332 ; 0
8333 ; 0
8334 ; 0
8335 ; 0
8336 ; 3
8337 ; 0
8338 ; 1
8339 ; 0
8340 ; 1
8341 ; 0
8342 ; 0
8343 ; 2
8344 ; 2
8345 ; 0
8346 ; 0
8347 ; 0
8348 ; 0
8349 ; 0
8350 ; 10
8351 ; 1
8352 ; 1
8353 ; 8
8354 ; 0
8355 ; 1
8356 ; 1
8357 ; 5
8358 ; 1
8359 ; 0
8360 ; 0
8361 ; 0
8362 ; 0
8363 ; 0
8364 ; 1
8365 ; 0
8366 ; 0
8367 ; 1
8368 ; 0
8369 ; 1
8370 ; 5
8371 ; 1
8372 ; 1
8373 ; 2
8374 ; 1
8375 ; 1
8376 ; 0
8377 ; 0
8378 ; 0
8379 ; 0
8380 ; 0
8381 ; 11
8382 ; 0
8383 ; 2
8384 ; 0
8385 ; 7
8386 ; 2
8387 ; 1
8388 ; 5
8389 ; 0
8390 ; 1
8391 ; 2
8392 ; 0
8393 ; 2
8394 ; 1
8395 ; 0
8396 ; 1
8397 ; 0
8398 ; 3
8399 ; 0
8400 ; 1
8401 ; 0
8402 ; 70
8403 ; 0
8404 ; 0
8405 ; 2
8406 ; 1
8407 ; 0
8408 ; 1
8409 ; 0
8410 ; 13
8411 ; 0
8412 ; 0
8413 ; 0
8414 ; 1
8415 ; 0
8416 ; 0
8417 ; 2
8418 ; 6
8419 ; 6
8420 ; 4
8421 ; 1
8422 ; 0
8423 ; 0
8424 ; 145
8425 ; 5
8426 ; 1
8427 ; 0
8428 ; 22
8429 ; 0
8430 ; 0
8431 ; 1
8432 ; 0
8433 ; 2
8434 ; 2
8435 ; 0
8436 ; 2
8437 ; 0
8438 ; 2
8439 ; 0
8440 ; 2
8441 ; 11
8442 ; 1
8443 ; 1
8444 ; 0
8445 ; 1
8446 ; 86
8447 ; 2
8448 ; 72
8449 ; 0
8450 ; 0
8451 ; 1
8452 ; 5
8453 ; 4
8454 ; 0
8455 ; 0
8456 ; 0
8457 ; 1
8458 ; 2
8459 ; 3
8460 ; 1
8461 ; 2
8462 ; 0
8463 ; 3
8464 ; 0
8465 ; 0
8466 ; 0
8467 ; 2
8468 ; 1
8469 ; 4
8470 ; 1
8471 ; 2
8472 ; 0
8473 ; 1
8474 ; 2
8475 ; 0
8476 ; 1
8477 ; 0
8478 ; 1
8479 ; 0
8480 ; 2
8481 ; 3
8482 ; 8
8483 ; 1
8484 ; 0
8485 ; 0
8486 ; 0
8487 ; 1
8488 ; 0
8489 ; 1
8490 ; 0
8491 ; 4
8492 ; 0
8493 ; 1
8494 ; 1
8495 ; 0
8496 ; 0
8497 ; 0
8498 ; 3
8499 ; 2
8500 ; 0
8501 ; 0
8502 ; 111
8503 ; 0
8504 ; 2
8505 ; 0
8506 ; 3
8507 ; 11
8508 ; 2
8509 ; 0
8510 ; 0
8511 ; 0
8512 ; 1
8513 ; 0
8514 ; 0
8515 ; 0
8516 ; 3
8517 ; 224
8518 ; 0
8519 ; 287
8520 ; 1
8521 ; 0
8522 ; 3
8523 ; 0
8524 ; 1
8525 ; 3
8526 ; 0
8527 ; 3
8528 ; 0
8529 ; 0
8530 ; 4
8531 ; 2
8532 ; 0
8533 ; 2
8534 ; 2
8535 ; 0
8536 ; 1
8537 ; 2
8538 ; 2
8539 ; 22
8540 ; 4
8541 ; 0
8542 ; 0
8543 ; 1
8544 ; 0
8545 ; 0
8546 ; 0
8547 ; 0
8548 ; 2
8549 ; 0
8550 ; 0
8551 ; 3
8552 ; 0
8553 ; 4
8554 ; 1
8555 ; 6
8556 ; 1
8557 ; 1
8558 ; 2
8559 ; 2
8560 ; 2
8561 ; 2
8562 ; 0
8563 ; 0
8564 ; 2
8565 ; 1
8566 ; 1
8567 ; 0
8568 ; 0
8569 ; 0
8570 ; 1
8571 ; 1
8572 ; 0
8573 ; 0
8574 ; 1
8575 ; 2
8576 ; 1
8577 ; 6
8578 ; 0
8579 ; 0
8580 ; 4
8581 ; 0
8582 ; 0
8583 ; 0
8584 ; 0
8585 ; 1
8586 ; 0
8587 ; 4
8588 ; 0
8589 ; 1
8590 ; 1
8591 ; 0
8592 ; 2
8593 ; 0
8594 ; 0
8595 ; 0
8596 ; 31
8597 ; 0
8598 ; 0
8599 ; 0
8600 ; 2
8601 ; 0
8602 ; 1
8603 ; 4
8604 ; 0
8605 ; 1
8606 ; 0
8607 ; 0
8608 ; 0
8609 ; 7
8610 ; 1
8611 ; 1
8612 ; 4
8613 ; 0
8614 ; 3
8615 ; 0
8616 ; 0
8617 ; 1
8618 ; 0
8619 ; 0
8620 ; 1
8621 ; 3
8622 ; 14
8623 ; 1
8624 ; 1
8625 ; 0
8626 ; 6
8627 ; 0
8628 ; 0
8629 ; 1
8630 ; 0
8631 ; 18
8632 ; 3
8633 ; 1
8634 ; 2
8635 ; 0
8636 ; 6
8637 ; 0
8638 ; 72
8639 ; 3
8640 ; 0
8641 ; 0
8642 ; 1
8643 ; 0
8644 ; 0
8645 ; 0
8646 ; 5
8647 ; 0
8648 ; 0
8649 ; 2
8650 ; 1
8651 ; 0
8652 ; 1
8653 ; 0
8654 ; 0
8655 ; 3
8656 ; 0
8657 ; 18
8658 ; 0
8659 ; 3
8660 ; 0
8661 ; 1
8662 ; 0
8663 ; 0
8664 ; 3
8665 ; 0
8666 ; 2
8667 ; 1
8668 ; 2
8669 ; 2
8670 ; 0
8671 ; 0
8672 ; 2
8673 ; 1
8674 ; 2
8675 ; 12
8676 ; 1
8677 ; 0
8678 ; 1
8679 ; 0
8680 ; 2
8681 ; 2
8682 ; 0
8683 ; 0
8684 ; 2
8685 ; 1
8686 ; 1
8687 ; 0
8688 ; 0
8689 ; 1
8690 ; 0
8691 ; 1
8692 ; 0
8693 ; 6
8694 ; 0
8695 ; 7
8696 ; 0
8697 ; 0
8698 ; 0
8699 ; 0
8700 ; 4
8701 ; 0
8702 ; 1
8703 ; 0
8704 ; 1
8705 ; 0
8706 ; 0
8707 ; 0
8708 ; 0
8709 ; 1
8710 ; 1
8711 ; 2
8712 ; 1
8713 ; 1
8714 ; 1
8715 ; 1
8716 ; 1
8717 ; 0
8718 ; 1
8719 ; 44
8720 ; 1
8721 ; 6
8722 ; 0
8723 ; 1
8724 ; 0
8725 ; 3
8726 ; 1
8727 ; 0
8728 ; 0
8729 ; 0
8730 ; 0
8731 ; 0
8732 ; 0
8733 ; 0
8734 ; 4
8735 ; 1
8736 ; 15
8737 ; 0
8738 ; 1
8739 ; 3
8740 ; 2
8741 ; 1
8742 ; 1
8743 ; 6
8744 ; 10
8745 ; 0
8746 ; 1
8747 ; 13
8748 ; 3
8749 ; 1
8750 ; 0
8751 ; 9
8752 ; 0
8753 ; 0
8754 ; 0
8755 ; 0
8756 ; 0
8757 ; 4
8758 ; 0
8759 ; 1
8760 ; 13
8761 ; 360
8762 ; 0
8763 ; 7
8764 ; 0
8765 ; 9
8766 ; 2
8767 ; 0
8768 ; 0
8769 ; 7
8770 ; 2
8771 ; 4
8772 ; 0
8773 ; 3
8774 ; 1
8775 ; 0
8776 ; 1
8777 ; 2
8778 ; 0
8779 ; 2
8780 ; 0
8781 ; 1
8782 ; 0
8783 ; 1
8784 ; 1
8785 ; 3
8786 ; 3
8787 ; 1
8788 ; 1
8789 ; 6
8790 ; 6
8791 ; 0
8792 ; 0
8793 ; 0
8794 ; 5
8795 ; 0
8796 ; 1
8797 ; 0
8798 ; 4
8799 ; 0
8800 ; 3
8801 ; 3
8802 ; 1
8803 ; 1
8804 ; 0
8805 ; 0
8806 ; 0
8807 ; 1
8808 ; 0
8809 ; 0
8810 ; 0
8811 ; 0
8812 ; 6
8813 ; 1
8814 ; 5
8815 ; 2
8816 ; 5
8817 ; 3
8818 ; 0
8819 ; 1
8820 ; 2
8821 ; 1
8822 ; 22
8823 ; 0
8824 ; 1
8825 ; 11
8826 ; 1
8827 ; 2
8828 ; 0
8829 ; 0
8830 ; 0
8831 ; 0
8832 ; 3
8833 ; 0
8834 ; 1
8835 ; 2
8836 ; 0
8837 ; 0
8838 ; 0
8839 ; 0
8840 ; 2
8841 ; 1
8842 ; 1
8843 ; 0
8844 ; 0
8845 ; 25
8846 ; 0
8847 ; 4
8848 ; 0
8849 ; 0
8850 ; 22
8851 ; 2
8852 ; 0
8853 ; 0
8854 ; 0
8855 ; 0
8856 ; 5
8857 ; 0
8858 ; 1
8859 ; 0
8860 ; 2
8861 ; 0
8862 ; 1
8863 ; 0
8864 ; 0
8865 ; 0
8866 ; 6
8867 ; 0
8868 ; 1
8869 ; 3
8870 ; 0
8871 ; 0
8872 ; 1
8873 ; 2
8874 ; 1
8875 ; 1
8876 ; 0
8877 ; 1
8878 ; 0
8879 ; 1
8880 ; 0
8881 ; 0
8882 ; 0
8883 ; 0
8884 ; 1
8885 ; 1
8886 ; 2
8887 ; 0
8888 ; 0
8889 ; 1
8890 ; 0
8891 ; 2
8892 ; 0
8893 ; 0
8894 ; 0
8895 ; 0
8896 ; 2
8897 ; 2
8898 ; 0
8899 ; 1
8900 ; 0
8901 ; 0
8902 ; 0
8903 ; 0
8904 ; 2
8905 ; 2
8906 ; 0
8907 ; 0
8908 ; 0
8909 ; 1
8910 ; 0
8911 ; 13
8912 ; 0
8913 ; 0
8914 ; 3
8915 ; 1
8916 ; 14
8917 ; 0
8918 ; 2
8919 ; 0
8920 ; 1
8921 ; 0
8922 ; 1
8923 ; 10
8924 ; 0
8925 ; 0
8926 ; 1
8927 ; 3
8928 ; 2
8929 ; 2
8930 ; 3
8931 ; 2
8932 ; 0
8933 ; 8
8934 ; 4
8935 ; 0
8936 ; 1
8937 ; 38
8938 ; 1
8939 ; 2
8940 ; 2
8941 ; 26
8942 ; 0
8943 ; 1
8944 ; 0
8945 ; 1
8946 ; 2
8947 ; 0
8948 ; 0
8949 ; 3
8950 ; 2
8951 ; 2
8952 ; 2
8953 ; 0
8954 ; 0
8955 ; 2
8956 ; 5
8957 ; 0
8958 ; 0
8959 ; 5
8960 ; 2
8961 ; 0
8962 ; 0
8963 ; 0
8964 ; 2
8965 ; 7
8966 ; 10
8967 ; 1
8968 ; 0
8969 ; 0
8970 ; 0
8971 ; 0
8972 ; 7
8973 ; 1
8974 ; 0
8975 ; 7
8976 ; 4
8977 ; 1
8978 ; 2
8979 ; 2
8980 ; 0
8981 ; 14
8982 ; 1
8983 ; 0
8984 ; 4
8985 ; 2
8986 ; 1
8987 ; 2
8988 ; 1
8989 ; 3
8990 ; 0
8991 ; 8
8992 ; 2
8993 ; 0
8994 ; 2
8995 ; 0
8996 ; 0
8997 ; 1
8998 ; 2
8999 ; 3
9000 ; 0
9001 ; 2
9002 ; 0
9003 ; 1
9004 ; 0
9005 ; 0
9006 ; 0
9007 ; 0
9008 ; 0
9009 ; 0
9010 ; 0
9011 ; 1
9012 ; 3
9013 ; 1
9014 ; 0
9015 ; 0
9016 ; 0
9017 ; 0
9018 ; 1
9019 ; 2
9020 ; 0
9021 ; 2
9022 ; 0
9023 ; 0
9024 ; 0
9025 ; 1
9026 ; 0
9027 ; 8
9028 ; 2
9029 ; 2
9030 ; 0
9031 ; 3
9032 ; 3
9033 ; 0
9034 ; 4
9035 ; 153
9036 ; 9
9037 ; 0
9038 ; 2
9039 ; 0
9040 ; 37
9041 ; 1
9042 ; 1
9043 ; 0
9044 ; 0
9045 ; 3
9046 ; 0
9047 ; 1
9048 ; 1
9049 ; 4
9050 ; 2
9051 ; 4
9052 ; 1
9053 ; 0
9054 ; 2
9055 ; 0
9056 ; 0
9057 ; 1
9058 ; 2
9059 ; 0
9060 ; 2
9061 ; 1
9062 ; 7
9063 ; 5
9064 ; 1
9065 ; 0
9066 ; 1
9067 ; 1
9068 ; 1
9069 ; 0
9070 ; 11
9071 ; 0
9072 ; 0
9073 ; 1
9074 ; 1
9075 ; 7
9076 ; 1
9077 ; 0
9078 ; 0
9079 ; 1
9080 ; 0
9081 ; 0
9082 ; 0
9083 ; 0
9084 ; 0
9085 ; 0
9086 ; 0
9087 ; 3
9088 ; 0
9089 ; 1
9090 ; 0
9091 ; 0
9092 ; 1
9093 ; 0
9094 ; 0
9095 ; 0
9096 ; 0
9097 ; 1
9098 ; 0
9099 ; 1
9100 ; 2
9101 ; 0
9102 ; 3
9103 ; 0
9104 ; 0
9105 ; 0
9106 ; 1
9107 ; 0
9108 ; 1
9109 ; 0
9110 ; 0
9111 ; 1
9112 ; 0
9113 ; 1
9114 ; 39
9115 ; 0
9116 ; 0
9117 ; 17
9118 ; 1
9119 ; 3
9120 ; 0
9121 ; 1
9122 ; 0
9123 ; 3
9124 ; 1
9125 ; 11
9126 ; 0
9127 ; 1
9128 ; 1
9129 ; 0
9130 ; 0
9131 ; 1
9132 ; 0
9133 ; 0
9134 ; 0
9135 ; 4
9136 ; 1
9137 ; 1
9138 ; 2
9139 ; 0
9140 ; 0
9141 ; 0
9142 ; 1
9143 ; 3
9144 ; 1
9145 ; 0
9146 ; 1
9147 ; 2
9148 ; 4
9149 ; 16
9150 ; 4
9151 ; 4
9152 ; 1
9153 ; 4
9154 ; 1
9155 ; 0
9156 ; 1
9157 ; 0
9158 ; 29
9159 ; 0
9160 ; 1
9161 ; 0
9162 ; 0
9163 ; 0
9164 ; 2
9165 ; 0
9166 ; 2
9167 ; 0
9168 ; 3
9169 ; 2
9170 ; 0
9171 ; 16
9172 ; 0
9173 ; 0
9174 ; 4
9175 ; 0
9176 ; 0
9177 ; 14
9178 ; 0
9179 ; 0
9180 ; 1
9181 ; 1
9182 ; 0
9183 ; 1
9184 ; 5
9185 ; 5
9186 ; 2
9187 ; 2
9188 ; 1
9189 ; 0
9190 ; 0
9191 ; 2
9192 ; 0
9193 ; 0
9194 ; 2
9195 ; 3
9196 ; 0
9197 ; 2
9198 ; 1
9199 ; 0
9200 ; 1
9201 ; 0
9202 ; 0
9203 ; 1
9204 ; 0
9205 ; 4
9206 ; 0
9207 ; 0
9208 ; 1
9209 ; 0
9210 ; 1
9211 ; 0
9212 ; 2
9213 ; 0
9214 ; 1
9215 ; 2
9216 ; 1
9217 ; 0
9218 ; 2
9219 ; 0
9220 ; 2
9221 ; 4
9222 ; 2
9223 ; 0
9224 ; 2
9225 ; 1
9226 ; 0
9227 ; 0
9228 ; 0
9229 ; 1
9230 ; 0
9231 ; 2
9232 ; 1
9233 ; 0
9234 ; 0
9235 ; 0
9236 ; 0
9237 ; 4
9238 ; 0
9239 ; 1
9240 ; 0
9241 ; 1
9242 ; 1
9243 ; 0
9244 ; 0
9245 ; 0
9246 ; 0
9247 ; 0
9248 ; 0
9249 ; 0
9250 ; 6
9251 ; 5
9252 ; 5
9253 ; 0
9254 ; 2
9255 ; 0
9256 ; 1
9257 ; 259
9258 ; 1
9259 ; 12
9260 ; 0
9261 ; 0
9262 ; 0
9263 ; 0
9264 ; 1
9265 ; 0
9266 ; 0
9267 ; 0
9268 ; 8
9269 ; 1
9270 ; 4
9271 ; 1
9272 ; 1
9273 ; 0
9274 ; 0
9275 ; 21
9276 ; 2
9277 ; 5
9278 ; 2
9279 ; 0
9280 ; 1
9281 ; 1
9282 ; 3
9283 ; 3
9284 ; 0
9285 ; 0
9286 ; 0
9287 ; 0
9288 ; 2
9289 ; 5
9290 ; 1
9291 ; 1
9292 ; 0
9293 ; 0
9294 ; 0
9295 ; 0
9296 ; 1
9297 ; 0
9298 ; 0
9299 ; 0
9300 ; 0
9301 ; 1
9302 ; 3
9303 ; 1
9304 ; 0
9305 ; 0
9306 ; 3
9307 ; 2
9308 ; 0
9309 ; 0
9310 ; 0
9311 ; 0
9312 ; 1
9313 ; 10
9314 ; 2
9315 ; 2
9316 ; 0
9317 ; 1
9318 ; 0
9319 ; 0
9320 ; 1
9321 ; 0
9322 ; 0
9323 ; 0
9324 ; 19
9325 ; 0
9326 ; 1
9327 ; 1
9328 ; 1
9329 ; 1
9330 ; 0
9331 ; 5
9332 ; 0
9333 ; 0
9334 ; 0
9335 ; 0
9336 ; 0
9337 ; 4
9338 ; 2
9339 ; 2
9340 ; 1
9341 ; 0
9342 ; 1
9343 ; 9
9344 ; 0
9345 ; 0
9346 ; 2
9347 ; 1
9348 ; 3
9349 ; 1
9350 ; 0
9351 ; 3
9352 ; 2
9353 ; 2
9354 ; 0
9355 ; 0
9356 ; 0
9357 ; 3
9358 ; 0
9359 ; 0
9360 ; 1
9361 ; 2
9362 ; 2
9363 ; 0
9364 ; 0
9365 ; 1
9366 ; 0
9367 ; 6
9368 ; 0
9369 ; 0
9370 ; 0
9371 ; 9
9372 ; 20
9373 ; 0
9374 ; 0
9375 ; 0
9376 ; 17
9377 ; 2
9378 ; 0
9379 ; 1
9380 ; 0
9381 ; 0
9382 ; 0
9383 ; 1
9384 ; 0
9385 ; 1
9386 ; 1
9387 ; 0
9388 ; 0
9389 ; 0
9390 ; 2
9391 ; 1
9392 ; 3
9393 ; 1
9394 ; 0
9395 ; 0
9396 ; 0
9397 ; 0
9398 ; 0
9399 ; 6
9400 ; 0
9401 ; 1
9402 ; 0
9403 ; 6
9404 ; 0
9405 ; 0
9406 ; 0
9407 ; 0
9408 ; 2
9409 ; 0
9410 ; 0
9411 ; 0
9412 ; 5
9413 ; 0
9414 ; 0
9415 ; 5
9416 ; 0
9417 ; 0
9418 ; 1
9419 ; 3
9420 ; 1
9421 ; 0
9422 ; 0
9423 ; 0
9424 ; 2
9425 ; 0
9426 ; 0
9427 ; 0
9428 ; 0
9429 ; 1
9430 ; 3
9431 ; 6
9432 ; 0
9433 ; 1
9434 ; 0
9435 ; 4
9436 ; 0
9437 ; 3
9438 ; 0
9439 ; 1
9440 ; 0
9441 ; 0
9442 ; 0
9443 ; 2
9444 ; 0
9445 ; 0
9446 ; 1
9447 ; 0
9448 ; 2
9449 ; 5
9450 ; 5
9451 ; 2
9452 ; 0
9453 ; 1
9454 ; 0
9455 ; 1
9456 ; 6
9457 ; 1
9458 ; 0
9459 ; 1
9460 ; 0
9461 ; 9
9462 ; 1
9463 ; 30
9464 ; 1
9465 ; 1
9466 ; 0
9467 ; 1
9468 ; 0
9469 ; 3
9470 ; 2
9471 ; 0
9472 ; 0
9473 ; 0
9474 ; 3
9475 ; 1
9476 ; 0
9477 ; 2
9478 ; 0
9479 ; 0
9480 ; 6
9481 ; 0
9482 ; 1
9483 ; 0
9484 ; 0
9485 ; 5
9486 ; 1
9487 ; 0
9488 ; 0
9489 ; 0
9490 ; 0
9491 ; 0
9492 ; 0
9493 ; 0
9494 ; 1
9495 ; 1
9496 ; 0
9497 ; 0
9498 ; 0
9499 ; 5
9500 ; 1
9501 ; 5
9502 ; 0
9503 ; 3
9504 ; 3
9505 ; 2
9506 ; 0
9507 ; 6
9508 ; 0
9509 ; 0
9510 ; 0
9511 ; 0
9512 ; 0
9513 ; 3
9514 ; 3
9515 ; 0
9516 ; 0
9517 ; 0
9518 ; 1
9519 ; 0
9520 ; 2
9521 ; 1
9522 ; 7
9523 ; 1
9524 ; 1
9525 ; 0
9526 ; 1
9527 ; 0
9528 ; 0
9529 ; 1
9530 ; 6
9531 ; 1
9532 ; 0
9533 ; 2
9534 ; 0
9535 ; 2
9536 ; 4
9537 ; 1
9538 ; 0
9539 ; 0
9540 ; 0
9541 ; 0
9542 ; 0
9543 ; 0
9544 ; 0
9545 ; 2
9546 ; 0
9547 ; 0
9548 ; 1
9549 ; 0
9550 ; 2
9551 ; 3
9552 ; 1
9553 ; 0
9554 ; 0
9555 ; 2
9556 ; 1
9557 ; 1
9558 ; 0
9559 ; 4
9560 ; 1
9561 ; 0
9562 ; 0
9563 ; 5
9564 ; 6
9565 ; 0
9566 ; 0
9567 ; 0
9568 ; 1
9569 ; 1
9570 ; 0
9571 ; 1
9572 ; 3
9573 ; 0
9574 ; 1
9575 ; 6
9576 ; 1
9577 ; 0
9578 ; 0
9579 ; 1
9580 ; 0
9581 ; 1
9582 ; 0
9583 ; 0
9584 ; 1
9585 ; 0
9586 ; 0
9587 ; 0
9588 ; 0
9589 ; 0
9590 ; 1
9591 ; 0
9592 ; 0
9593 ; 0
9594 ; 0
9595 ; 1
9596 ; 0
9597 ; 1
9598 ; 3
9599 ; 0
9600 ; 2
9601 ; 4
9602 ; 1
9603 ; 0
9604 ; 0
9605 ; 0
9606 ; 0
9607 ; 1
9608 ; 1
9609 ; 0
9610 ; 0
9611 ; 23
9612 ; 3
9613 ; 1
9614 ; 2
9615 ; 0
9616 ; 0
9617 ; 0
9618 ; 0
9619 ; 0
9620 ; 2
9621 ; 11
9622 ; 0
9623 ; 0
9624 ; 1
9625 ; 10
9626 ; 0
9627 ; 0
9628 ; 2
9629 ; 1
9630 ; 0
9631 ; 0
9632 ; 1
9633 ; 0
9634 ; 2
9635 ; 2
9636 ; 0
9637 ; 0
9638 ; 0
9639 ; 1
9640 ; 0
9641 ; 5
9642 ; 0
9643 ; 1
9644 ; 0
9645 ; 1
9646 ; 1
9647 ; 1
9648 ; 0
9649 ; 0
9650 ; 0
9651 ; 3
9652 ; 0
9653 ; 0
9654 ; 0
9655 ; 4
9656 ; 0
9657 ; 0
9658 ; 0
9659 ; 0
9660 ; 2
9661 ; 0
9662 ; 2
9663 ; 0
9664 ; 2
9665 ; 0
9666 ; 1
9667 ; 1
9668 ; 0
9669 ; 1
9670 ; 0
9671 ; 0
9672 ; 0
9673 ; 1
9674 ; 0
9675 ; 0
9676 ; 0
9677 ; 32
9678 ; 0
9679 ; 0
9680 ; 0
9681 ; 1
9682 ; 4
9683 ; 1
9684 ; 0
9685 ; 1
9686 ; 0
9687 ; 0
9688 ; 0
9689 ; 0
9690 ; 1
9691 ; 0
9692 ; 0
9693 ; 0
9694 ; 0
9695 ; 0
9696 ; 0
9697 ; 97
9698 ; 0
9699 ; 4
9700 ; 0
9701 ; 0
9702 ; 1
9703 ; 0
9704 ; 2
9705 ; 0
9706 ; 2
9707 ; 1
9708 ; 4
9709 ; 0
9710 ; 0
9711 ; 4
9712 ; 0
9713 ; 0
9714 ; 6
9715 ; 2
9716 ; 0
9717 ; 0
9718 ; 0
9719 ; 0
9720 ; 7
9721 ; 1
9722 ; 1
9723 ; 2
9724 ; 0
9725 ; 0
9726 ; 2
9727 ; 1
9728 ; 1
9729 ; 0
9730 ; 0
9731 ; 0
9732 ; 1
9733 ; 1
9734 ; 0
9735 ; 0
9736 ; 0
9737 ; 13
9738 ; 3
9739 ; 1
9740 ; 0
9741 ; 1
9742 ; 0
9743 ; 0
9744 ; 4
9745 ; 0
9746 ; 2
9747 ; 0
9748 ; 1
9749 ; 0
9750 ; 1
9751 ; 1
9752 ; 0
9753 ; 0
9754 ; 0
9755 ; 2
9756 ; 1
9757 ; 1
9758 ; 1
9759 ; 0
9760 ; 3
9761 ; 1
9762 ; 0
9763 ; 0
9764 ; 0
9765 ; 1
9766 ; 4
9767 ; 3
9768 ; 1
9769 ; 2
9770 ; 0
9771 ; 1
9772 ; 6
9773 ; 0
9774 ; 1
9775 ; 2
9776 ; 5
9777 ; 1
9778 ; 0
9779 ; 1
9780 ; 3
9781 ; 0
9782 ; 1
9783 ; 0
9784 ; 0
9785 ; 2
9786 ; 2
9787 ; 6
9788 ; 3
9789 ; 0
9790 ; 0
9791 ; 0
9792 ; 0
9793 ; 2
9794 ; 1
9795 ; 0
9796 ; 0
9797 ; 0
9798 ; 0
9799 ; 3
9800 ; 26
9801 ; 1
9802 ; 5
9803 ; 0
9804 ; 30
9805 ; 1
9806 ; 2
9807 ; 3
9808 ; 6
9809 ; 1
9810 ; 0
9811 ; 1
9812 ; 1
9813 ; 2
9814 ; 1
9815 ; 0
9816 ; 92
9817 ; 0
9818 ; 0
9819 ; 1
9820 ; 1
9821 ; 21
9822 ; 1
9823 ; 3
9824 ; 0
9825 ; 0
9826 ; 1
9827 ; 0
9828 ; 0
9829 ; 1
9830 ; 0
9831 ; 5
9832 ; 0
9833 ; 1
9834 ; 0
9835 ; 2
9836 ; 0
9837 ; 1
9838 ; 0
9839 ; 0
9840 ; 1
9841 ; 1
9842 ; 1
9843 ; 1
9844 ; 0
9845 ; 2
9846 ; 0
9847 ; 0
9848 ; 0
9849 ; 14
9850 ; 0
9851 ; 1
9852 ; 3
9853 ; 1
9854 ; 0
9855 ; 22
9856 ; 4
9857 ; 0
9858 ; 4
9859 ; 12
9860 ; 0
9861 ; 2
9862 ; 1
9863 ; 10
9864 ; 0
9865 ; 0
9866 ; 0
9867 ; 0
9868 ; 2
9869 ; 1
9870 ; 1
9871 ; 3
9872 ; 1
9873 ; 2
9874 ; 4
9875 ; 0
9876 ; 1
9877 ; 0
9878 ; 0
9879 ; 0
9880 ; 0
9881 ; 1
9882 ; 1
9883 ; 0
9884 ; 1
9885 ; 0
9886 ; 5
9887 ; 1
9888 ; 9
9889 ; 0
9890 ; 4
9891 ; 2
9892 ; 2
9893 ; 0
9894 ; 7
9895 ; 0
9896 ; 0
9897 ; 0
9898 ; 1
9899 ; 1
9900 ; 1
9901 ; 0
9902 ; 0
9903 ; 0
9904 ; 0
9905 ; 1
9906 ; 1
9907 ; 0
9908 ; 0
9909 ; 8
9910 ; 0
9911 ; 0
9912 ; 0
9913 ; 0
9914 ; 3
9915 ; 0
9916 ; 1
9917 ; 1
9918 ; 0
9919 ; 145
9920 ; 0
9921 ; 2
9922 ; 0
9923 ; 1
9924 ; 2
9925 ; 0
9926 ; 0
9927 ; 0
9928 ; 1
9929 ; 0
9930 ; 55
9931 ; 0
9932 ; 2
9933 ; 0
9934 ; 2
9935 ; 4
9936 ; 0
9937 ; 0
9938 ; 1
9939 ; 1
9940 ; 3
9941 ; 13
9942 ; 0
9943 ; 0
9944 ; 1
9945 ; 0
9946 ; 1
9947 ; 0
9948 ; 1
9949 ; 0
9950 ; 2
9951 ; 2
9952 ; 4
9953 ; 1
9954 ; 0
9955 ; 2
9956 ; 2
9957 ; 0
9958 ; 1
9959 ; 0
9960 ; 0
9961 ; 1
9962 ; 3
9963 ; 1
9964 ; 0
9965 ; 7
9966 ; 0
9967 ; 1
9968 ; 0
9969 ; 1
9970 ; 1
9971 ; 0
9972 ; 1
9973 ; 0
9974 ; 2
9975 ; 0
9976 ; 0
9977 ; 1
9978 ; 1
9979 ; 3
9980 ; 4
9981 ; 0
9982 ; 0
9983 ; 2
9984 ; 1
9985 ; 2
9986 ; 1
9987 ; 0
9988 ; 0
9989 ; 2
9990 ; 0
9991 ; 2
9992 ; 0
9993 ; 3
9994 ; 1
9995 ; 2
9996 ; 1
9997 ; 0
9998 ; 1
9999 ; 1
